/*!40101 SET @OLD_CHARACTER_SET_CLIENT=@@CHARACTER_SET_CLIENT */;
/*!40101 SET @OLD_CHARACTER_SET_RESULTS=@@CHARACTER_SET_RESULTS */;
/*!40101 SET @OLD_COLLATION_CONNECTION=@@COLLATION_CONNECTION */;
/*!40101 SET NAMES utf8mb4 */;
/*!40103 SET @OLD_TIME_ZONE=@@TIME_ZONE */;
/*!40103 SET TIME_ZONE='+00:00' */;
/*!40014 SET @OLD_UNIQUE_CHECKS=@@UNIQUE_CHECKS, UNIQUE_CHECKS=0 */;
/*!40014 SET @OLD_FOREIGN_KEY_CHECKS=@@FOREIGN_KEY_CHECKS, FOREIGN_KEY_CHECKS=0 */;
/*!40101 SET @OLD_SQL_MODE=@@SQL_MODE, SQL_MODE='NO_AUTO_VALUE_ON_ZERO' */;
/*!40111 SET @OLD_SQL_NOTES=@@SQL_NOTES, SQL_NOTES=0 */;
DROP TABLE IF EXISTS `absensi`;
/*!40101 SET @saved_cs_client     = @@character_set_client */;
/*!40101 SET character_set_client = utf8 */;
CREATE TABLE `absensi` (
  `id` bigint(20) unsigned NOT NULL AUTO_INCREMENT,
  `pegawai_id` bigint(20) unsigned NOT NULL,
  `tanggal` varchar(11) NOT NULL,
  `jam_masuk` varchar(5) NOT NULL,
  `jam_keluar` varchar(5) NOT NULL,
  PRIMARY KEY (`id`),
  KEY `pegawai_id` (`pegawai_id`),
  CONSTRAINT `absensi_ibfk_1` FOREIGN KEY (`pegawai_id`) REFERENCES `pegawai` (`id`) ON DELETE CASCADE ON UPDATE CASCADE
) ENGINE=InnoDB AUTO_INCREMENT=1737 DEFAULT CHARSET=utf8mb4;
/*!40101 SET character_set_client = @saved_cs_client */;

LOCK TABLES `absensi` WRITE;
/*!40000 ALTER TABLE `absensi` DISABLE KEYS */;
INSERT INTO `absensi` VALUES (1705,1010,'25-Feb-2021','',''),(1706,1011,'25-Feb-2021','',''),(1707,1012,'25-Feb-2021','',''),(1708,1013,'25-Feb-2021','',''),(1709,1014,'25-Feb-2021','',''),(1710,1015,'25-Feb-2021','',''),(1711,1016,'25-Feb-2021','',''),(1712,1017,'25-Feb-2021','',''),(1713,1018,'25-Feb-2021','',''),(1714,1019,'25-Feb-2021','',''),(1715,1020,'25-Feb-2021','',''),(1716,1021,'25-Feb-2021','','18:58'),(1717,1022,'25-Feb-2021','',''),(1718,1023,'25-Feb-2021','',''),(1719,1025,'25-Feb-2021','',''),(1720,1026,'25-Feb-2021','18:57',''),(1721,1010,'07-Mar-2021','',''),(1722,1011,'07-Mar-2021','',''),(1723,1012,'07-Mar-2021','',''),(1724,1013,'07-Mar-2021','',''),(1725,1014,'07-Mar-2021','',''),(1726,1015,'07-Mar-2021','',''),(1727,1016,'07-Mar-2021','',''),(1728,1017,'07-Mar-2021','',''),(1729,1018,'07-Mar-2021','',''),(1730,1019,'07-Mar-2021','',''),(1731,1020,'07-Mar-2021','',''),(1732,1021,'07-Mar-2021','',''),(1733,1022,'07-Mar-2021','',''),(1734,1023,'07-Mar-2021','',''),(1735,1025,'07-Mar-2021','',''),(1736,1026,'07-Mar-2021','19:02','');
/*!40000 ALTER TABLE `absensi` ENABLE KEYS */;
UNLOCK TABLES;
DROP TABLE IF EXISTS `cuti`;
/*!40101 SET @saved_cs_client     = @@character_set_client */;
/*!40101 SET character_set_client = utf8 */;
CREATE TABLE `cuti` (
  `id` bigint(20) unsigned NOT NULL AUTO_INCREMENT,
  `pegawai_id` bigint(20) unsigned NOT NULL,
  `nomor_permohonan` varchar(30) NOT NULL,
  `tanggal_mulai` varchar(11) NOT NULL,
  `tanggal_selesai` varchar(11) NOT NULL,
  `keterangan` varchar(50) NOT NULL,
  PRIMARY KEY (`id`),
  KEY `cuti_ibfk_1` (`pegawai_id`),
  CONSTRAINT `cuti_ibfk_1` FOREIGN KEY (`pegawai_id`) REFERENCES `pegawai` (`id`) ON DELETE CASCADE ON UPDATE CASCADE
) ENGINE=InnoDB AUTO_INCREMENT=1005 DEFAULT CHARSET=utf8mb4;
/*!40101 SET character_set_client = @saved_cs_client */;

LOCK TABLES `cuti` WRITE;
/*!40000 ALTER TABLE `cuti` DISABLE KEYS */;
INSERT INTO `cuti` VALUES (1004,1009,'01','01-Feb-2021','05-Feb-2021','keluar kota');
/*!40000 ALTER TABLE `cuti` ENABLE KEYS */;
UNLOCK TABLES;
DROP TABLE IF EXISTS `jabatan`;
/*!40101 SET @saved_cs_client     = @@character_set_client */;
/*!40101 SET character_set_client = utf8 */;
CREATE TABLE `jabatan` (
  `id` bigint(20) unsigned NOT NULL AUTO_INCREMENT,
  `nama` varchar(30) NOT NULL,
  `gaji` mediumint(9) NOT NULL DEFAULT '0',
  `tunjangan` mediumint(9) NOT NULL DEFAULT '0',
  `bonus` mediumint(9) unsigned NOT NULL DEFAULT '0',
  PRIMARY KEY (`id`)
) ENGINE=InnoDB AUTO_INCREMENT=67 DEFAULT CHARSET=utf8mb4;
/*!40101 SET character_set_client = @saved_cs_client */;

LOCK TABLES `jabatan` WRITE;
/*!40000 ALTER TABLE `jabatan` DISABLE KEYS */;
INSERT INTO `jabatan` VALUES (1,'Guru',1000000,100000,0),(2,'Kepala Sekolah',1000000,100000,0),(3,'Tata Usaha',1000000,100000,0),(66,'Jabatan 3',10000,10000,1000000);
/*!40000 ALTER TABLE `jabatan` ENABLE KEYS */;
UNLOCK TABLES;
DROP TABLE IF EXISTS `pegawai`;
/*!40101 SET @saved_cs_client     = @@character_set_client */;
/*!40101 SET character_set_client = utf8 */;
CREATE TABLE `pegawai` (
  `id` bigint(20) unsigned NOT NULL AUTO_INCREMENT,
  `nama` varchar(30) NOT NULL,
  `tanggal_lahir` varchar(11) NOT NULL,
  `tempat_lahir` varchar(50) NOT NULL,
  `jenis_kelamin` enum('Laki - Laki','Perempuan') NOT NULL,
  `agama` enum('Islam','Kristen Katolik','Kristen Protestan','Hindu','Budha') NOT NULL,
  `alamat` text NOT NULL,
  `no_telp` varchar(15) NOT NULL,
  `tgl_mulai_kerja` varchar(11) NOT NULL,
  `status` enum('Aktif','Tidak Aktif') NOT NULL,
  PRIMARY KEY (`id`)
) ENGINE=InnoDB AUTO_INCREMENT=1027 DEFAULT CHARSET=utf8mb4;
/*!40101 SET character_set_client = @saved_cs_client */;

LOCK TABLES `pegawai` WRITE;
/*!40000 ALTER TABLE `pegawai` DISABLE KEYS */;
INSERT INTO `pegawai` VALUES (1009,'Andi Izzul Haq, S.Kom','13-Mar-1996','Tangkit Baru','Laki - Laki','Islam','jln syekh muh said II RT 04','082342134134','01-Jan-2020','Aktif'),(1010,'Besse Aisyah, S.E','16-Apr-1997','Tangkit Baru','Perempuan','Islam','jln syekh muh said II RT 03','085731615314','01-Feb-2014','Aktif'),(1011,'Baso Sidik','10-Sep-1996','Tangkit Baru','Laki - Laki','Islam','jln syekh muh said II RT 04','08572625315','15-Feb-2014','Aktif'),(1012,'Drs. Andi Pajung','25-Okt-1989','Tangkit Baru','Laki - Laki','Islam','jln syekh muh said II RT 04','085728316418','10-Feb-2013','Aktif'),(1013,'Masturi,S.Ag','31-Agu-1990','Tangkit Baru','Perempuan','Islam','jln syekh muh said II RT 07','0856353422','04-Feb-2016','Aktif'),(1014,'Nur Aida','16-Mar-1999','Tangkit Baru','Perempuan','Islam','jln syekh muh said II RT 02','081542637262','10-Feb-2018','Aktif'),(1015,'Nur Atifa,S.Pd.I','25-Des-1997','Tangkit Baru','Perempuan','Islam','jln syekh muh said II RT 03','085823721626','03-Feb-2018','Aktif'),(1016,'Ratnawati,S.Pd','10-Mar-1998','Tangkit Baru','Perempuan','Islam','jln syekh muh said II RT 05','0857429328328','05-Feb-2016','Aktif'),(1017,'Dahlia, S.Pd','07-Mar-1998','Tangkit Baru','Perempuan','Islam','jln syekh muh said II RT 03','085237283272','02-Feb-2018','Aktif'),(1018,'Siti Sainab','11-Mar-1998','Tangkit Baru','Perempuan','Islam','jln syekh muh said II RT 06','081234828328','18-Feb-2018','Aktif'),(1019,'Hermawati,S.Fil.I','18-Mei-1989','Tangkit Baru','Perempuan','Islam','jln syekh muh said II RT 06','08127433496','08-Feb-2017','Aktif'),(1020,'Andi Nur Auliyyah,S.Pd','20-Jun-1990','Tangkit Baru','Perempuan','Islam','jln syekh muh said II RT 04','085728323212','16-Feb-2017','Aktif'),(1021,'Ahmad, S.Pd.I','25-Okt-1980','Tangkit Baru','Laki - Laki','Islam','jln syekh muh said II RT 06','082395283288','06-Feb-2016','Aktif'),(1022,'Siti Juhria','15-Jul-1999','Tangkit Baru','Perempuan','Islam','jln syekh muh said II RT 07','085788004395','01-Feb-2020','Aktif'),(1023,'Rizki Indah Oktalia','10-Okt-1998','Tangkit Baru','Perempuan','Islam','jln syekh muh said II RT 06','082283335849','01-Feb-2020','Aktif'),(1025,'Andi Nur Wahidiah, S.Mat','24-Nov-1988','Tangkit Baru','Perempuan','Islam','jln syekh muh said II RT 06','08127364271','15-Feb-2018','Aktif'),(1026,'Muhammad Ashari, S.Sos','23-Agu-1980','muaro jambi','Laki - Laki','Islam','kota jambi','081367714581','01-Feb-2018','Aktif');
/*!40000 ALTER TABLE `pegawai` ENABLE KEYS */;
UNLOCK TABLES;
DROP TABLE IF EXISTS `penggajian`;
/*!40101 SET @saved_cs_client     = @@character_set_client */;
/*!40101 SET character_set_client = utf8 */;
CREATE TABLE `penggajian` (
  `id` bigint(20) unsigned NOT NULL AUTO_INCREMENT,
  `pegawai_id` bigint(20) unsigned NOT NULL,
  `gaji` mediumint(9) NOT NULL,
  `tunjangan` mediumint(9) NOT NULL,
  `bonus` mediumint(9) unsigned NOT NULL,
  `periode` varchar(15) NOT NULL,
  `tahun` smallint(6) NOT NULL,
  `tanggal` varchar(11) NOT NULL,
  `catatan` varchar(100) DEFAULT NULL,
  PRIMARY KEY (`id`),
  KEY `pegawai_id` (`pegawai_id`),
  CONSTRAINT `penggajian_ibfk_1` FOREIGN KEY (`pegawai_id`) REFERENCES `pegawai` (`id`) ON DELETE CASCADE ON UPDATE CASCADE
) ENGINE=InnoDB AUTO_INCREMENT=61 DEFAULT CHARSET=utf8mb4;
/*!40101 SET character_set_client = @saved_cs_client */;

LOCK TABLES `penggajian` WRITE;
/*!40000 ALTER TABLE `penggajian` DISABLE KEYS */;
INSERT INTO `penggajian` VALUES (60,1010,1000000,100000,0,'Januari',2020,'23-Feb-2020',NULL);
/*!40000 ALTER TABLE `penggajian` ENABLE KEYS */;
UNLOCK TABLES;
DROP TABLE IF EXISTS `riwayat_jabatan`;
/*!40101 SET @saved_cs_client     = @@character_set_client */;
/*!40101 SET character_set_client = utf8 */;
CREATE TABLE `riwayat_jabatan` (
  `id` bigint(20) unsigned NOT NULL AUTO_INCREMENT,
  `pegawai_id` bigint(20) unsigned NOT NULL,
  `nama_jabatan` varchar(30) NOT NULL,
  `gaji_jabatan` mediumint(9) unsigned NOT NULL,
  `tunjangan_jabatan` mediumint(9) unsigned NOT NULL,
  `bonus_jabatan` mediumint(9) unsigned NOT NULL,
  `nomor_sk` varchar(30) NOT NULL,
  `tanggal` varchar(11) NOT NULL,
  `status` enum('Aktif','Tidak Aktif') NOT NULL DEFAULT 'Tidak Aktif',
  PRIMARY KEY (`id`),
  KEY `riwayat_jabatan_ibfk_1` (`pegawai_id`),
  CONSTRAINT `riwayat_jabatan_ibfk_1` FOREIGN KEY (`pegawai_id`) REFERENCES `pegawai` (`id`) ON DELETE CASCADE ON UPDATE CASCADE
) ENGINE=InnoDB AUTO_INCREMENT=29 DEFAULT CHARSET=utf8mb4;
/*!40101 SET character_set_client = @saved_cs_client */;

LOCK TABLES `riwayat_jabatan` WRITE;
/*!40000 ALTER TABLE `riwayat_jabatan` DISABLE KEYS */;
INSERT INTO `riwayat_jabatan` VALUES (10,1009,'Kepala Sekolah',1000000,100000,0,'SK-51/YPP-RM/VII/2020','03-Feb-2020','Tidak Aktif'),(13,1010,'Guru',1000000,100000,0,'-','01-Feb-2020','Aktif'),(14,1011,'Guru',1000000,100000,0,'-','01-Feb-2019','Aktif'),(15,1012,'Guru',1000000,100000,0,'-','02-Feb-2019','Aktif'),(16,1013,'Guru',1000000,100000,0,'-','03-Feb-2017','Aktif'),(17,1014,'Guru',1000000,100000,0,'-','02-Feb-2019','Aktif'),(18,1015,'Guru',1000000,100000,0,'-','01-Feb-2018','Aktif'),(19,1016,'Guru',1000000,100000,0,'-','03-Feb-2017','Aktif'),(20,1017,'Guru',1000000,100000,0,'-','06-Feb-2016','Aktif'),(21,1018,'Guru',1000000,100000,0,'-','02-Feb-2018','Aktif'),(22,1019,'Guru',1000000,100000,0,'-','02-Feb-2018','Aktif'),(23,1020,'Guru',1000000,100000,0,'-','02-Feb-2018','Aktif'),(24,1021,'Guru',1000000,100000,0,'420/YRM/MA//TB/2016','01-Jul-2016','Aktif'),(25,1022,'Guru',1000000,100000,0,'-','01-Feb-2020','Aktif'),(26,1023,'Guru',1000000,100000,0,'-','02-Feb-2020','Aktif'),(27,1025,'Guru',1000000,100000,0,'-','02-Feb-2018','Aktif'),(28,1026,'Tata Usaha',1000000,100000,0,'-','01-Feb-2019','Aktif');
/*!40000 ALTER TABLE `riwayat_jabatan` ENABLE KEYS */;
UNLOCK TABLES;
DROP TABLE IF EXISTS `session`;
/*!40101 SET @saved_cs_client     = @@character_set_client */;
/*!40101 SET character_set_client = utf8 */;
CREATE TABLE `session` (
  `id` varchar(191) COLLATE utf8mb4_unicode_ci NOT NULL,
  `user_id` bigint(20) unsigned DEFAULT NULL,
  `ip_address` varchar(45) COLLATE utf8mb4_unicode_ci DEFAULT NULL,
  `user_agent` text COLLATE utf8mb4_unicode_ci,
  `payload` text COLLATE utf8mb4_unicode_ci NOT NULL,
  `last_activity` int(11) NOT NULL,
  `created_at` timestamp NOT NULL DEFAULT CURRENT_TIMESTAMP,
  `updated_at` timestamp NOT NULL DEFAULT CURRENT_TIMESTAMP,
  PRIMARY KEY (`id`),
  KEY `sessions_user_id_index` (`user_id`),
  KEY `sessions_last_activity_index` (`last_activity`),
  CONSTRAINT `session_ibfk_1` FOREIGN KEY (`user_id`) REFERENCES `user` (`id`) ON DELETE CASCADE ON UPDATE CASCADE
) ENGINE=InnoDB DEFAULT CHARSET=utf8mb4 COLLATE=utf8mb4_unicode_ci;
/*!40101 SET character_set_client = @saved_cs_client */;

LOCK TABLES `session` WRITE;
/*!40000 ALTER TABLE `session` DISABLE KEYS */;
INSERT INTO `session` VALUES ('0kgrstoqSCUJ7WwNIHnGEJuTtUUdrdTUcTluV69Z',NULL,NULL,'','YTozOntzOjY6Il90b2tlbiI7czo0MDoicHZ3U0hzZFcwT2dCSmxwYm5pd3lZN2djR3VHeHFkTXVTYnVqbTYzcyI7czo5OiJfcHJldmlvdXMiO2E6MTp7czozOiJ1cmwiO3M6ODoiaHR0cDovLzoiO31zOjY6Il9mbGFzaCI7YToyOntzOjM6Im9sZCI7YTowOnt9czozOiJuZXciO2E6MDp7fX19',1615114652,'2021-03-07 10:57:33','2021-03-07 10:57:33'),('0NLM61mDyCucMNu0Z2CSYDxJt7VD7pOds4QTbvjD',NULL,NULL,'','YTozOntzOjY6Il90b2tlbiI7czo0MDoiRGpSY2V5a2xxdzVFT3I0YnJuczNXUmV1Y2g1U0RzS2dwQ2NNUndDNSI7czo5OiJfcHJldmlvdXMiO2E6MTp7czozOiJ1cmwiO3M6ODoiaHR0cDovLzoiO31zOjY6Il9mbGFzaCI7YToyOntzOjM6Im9sZCI7YTowOnt9czozOiJuZXciO2E6MDp7fX19',1615117866,'2021-03-07 11:51:09','2021-03-07 11:51:09'),('0PtLiyyerKM0upuCuIWPwA3axsyUZJ4Z8OhGgSxy',NULL,NULL,'','YTozOntzOjY6Il90b2tlbiI7czo0MDoiTGxRQjU5U0ZWdGlWclhHNWZCS09UUTRBNWJMY1k4dEFCUzBPWE16SyI7czo5OiJfcHJldmlvdXMiO2E6MTp7czozOiJ1cmwiO3M6ODoiaHR0cDovLzoiO31zOjY6Il9mbGFzaCI7YToyOntzOjM6Im9sZCI7YTowOnt9czozOiJuZXciO2E6MDp7fX19',1615119942,'2021-03-07 12:25:45','2021-03-07 12:25:45'),('17rmXzSJoLy9pHS7d9MphB5wWRTF1IjnmqH9wMzB',NULL,NULL,'','YTozOntzOjY6Il90b2tlbiI7czo0MDoiQU11dnM0Qm1CVUtzbElMWmxoVXAzQm9HNzYxVWNrZUFCa2gzSEZkdCI7czo5OiJfcHJldmlvdXMiO2E6MTp7czozOiJ1cmwiO3M6ODoiaHR0cDovLzoiO31zOjY6Il9mbGFzaCI7YToyOntzOjM6Im9sZCI7YTowOnt9czozOiJuZXciO2E6MDp7fX19',1615114339,'2021-03-07 10:52:21','2021-03-07 10:52:21'),('1DvaoBwBQdntv24niClDAz0wVb1RPZOvQbshIfLg',NULL,NULL,'','YTozOntzOjY6Il90b2tlbiI7czo0MDoiZnBKczBGdXFQemJYMndiamxpMEhZOVBlOGV1RHB3QVhVODdNdjdBbiI7czo5OiJfcHJldmlvdXMiO2E6MTp7czozOiJ1cmwiO3M6ODoiaHR0cDovLzoiO31zOjY6Il9mbGFzaCI7YToyOntzOjM6Im9sZCI7YTowOnt9czozOiJuZXciO2E6MDp7fX19',1615120186,'2021-03-07 12:29:49','2021-03-07 12:29:49'),('1VAt3b33lBC2mxck5stjafE9nfP9Ac0JapEnwBSi',NULL,NULL,'','YTozOntzOjY6Il90b2tlbiI7czo0MDoianpjNnlqQmQxc2YzRG4xNFNUMm1lY1JDamVpWldQMFE0TU55eHRCMyI7czo5OiJfcHJldmlvdXMiO2E6MTp7czozOiJ1cmwiO3M6ODoiaHR0cDovLzoiO31zOjY6Il9mbGFzaCI7YToyOntzOjM6Im9sZCI7YTowOnt9czozOiJuZXciO2E6MDp7fX19',1615116956,'2021-03-07 11:35:59','2021-03-07 11:35:59'),('2aujLxUVP3SPlMuf2mlqxaRqEjUCjiKEyr4osLUW',NULL,NULL,'','YTozOntzOjY6Il90b2tlbiI7czo0MDoiaEY5cjBScDBSaGhJd3UwcEhXMUgyTnNqc3Q2bUZNNzl6ekVUd1poMSI7czo5OiJfcHJldmlvdXMiO2E6MTp7czozOiJ1cmwiO3M6ODoiaHR0cDovLzoiO31zOjY6Il9mbGFzaCI7YToyOntzOjM6Im9sZCI7YTowOnt9czozOiJuZXciO2E6MDp7fX19',1615116967,'2021-03-07 11:36:09','2021-03-07 11:36:09'),('2zwDFJ3Jt23a9w43quJoEeDF5j4HxZgPKdZbAnyZ',NULL,NULL,'','YTozOntzOjY6Il90b2tlbiI7czo0MDoiZHJrYUN0ZGQ3WmU3YThjNEFFNXV3QWRGbEpmcjZPdmtCRFJ5QzJHaiI7czo5OiJfcHJldmlvdXMiO2E6MTp7czozOiJ1cmwiO3M6ODoiaHR0cDovLzoiO31zOjY6Il9mbGFzaCI7YToyOntzOjM6Im9sZCI7YTowOnt9czozOiJuZXciO2E6MDp7fX19',1615114612,'2021-03-07 10:56:53','2021-03-07 10:56:53'),('4JK5dwWMWLM7f4q6uaHTfGwzFrePe92mjZ5yGUPq',NULL,NULL,'','YTozOntzOjY6Il90b2tlbiI7czo0MDoiSHA0NVFGOEVFZzdzUER6bFdDc3VQekNTa2VJM0pSd1NuSW5IWWl5OSI7czo5OiJfcHJldmlvdXMiO2E6MTp7czozOiJ1cmwiO3M6ODoiaHR0cDovLzoiO31zOjY6Il9mbGFzaCI7YToyOntzOjM6Im9sZCI7YTowOnt9czozOiJuZXciO2E6MDp7fX19',1615120664,'2021-03-07 12:37:46','2021-03-07 12:37:46'),('50RuZFbokduJGXyZjUi7pcUY5QTXaKym2jDEvJDi',NULL,NULL,'','YTozOntzOjY6Il90b2tlbiI7czo0MDoiVmQ2RmdGNWhSVzM0ZUxtR2RCaHZjb0NlNTk4RnRrVjJyb2RtS1oxTyI7czo5OiJfcHJldmlvdXMiO2E6MTp7czozOiJ1cmwiO3M6ODoiaHR0cDovLzoiO31zOjY6Il9mbGFzaCI7YToyOntzOjM6Im9sZCI7YTowOnt9czozOiJuZXciO2E6MDp7fX19',1615119001,'2021-03-07 12:10:04','2021-03-07 12:10:04'),('5bLq62XKdR4xcGKNtZZ1wEVo6HBnIAXgIzuilXxW',NULL,NULL,'','YTozOntzOjY6Il90b2tlbiI7czo0MDoianE0MlBjZm53WWtiY2JPcEVEYXVUR3gyMTdsTnI1UmRuWUo1Zk03TiI7czo5OiJfcHJldmlvdXMiO2E6MTp7czozOiJ1cmwiO3M6ODoiaHR0cDovLzoiO31zOjY6Il9mbGFzaCI7YToyOntzOjM6Im9sZCI7YTowOnt9czozOiJuZXciO2E6MDp7fX19',1615115942,'2021-03-07 11:19:03','2021-03-07 11:19:03'),('5qanxseaiVm4zxGQKOpovJ79NnIfeRBMXfHKjPOa',NULL,NULL,'','YTozOntzOjY6Il90b2tlbiI7czo0MDoiV0p0akkzZzRNZjAySWxzRFZLbGZCZTJHNDhJMVZtanpodU8zSmhsUSI7czo5OiJfcHJldmlvdXMiO2E6MTp7czozOiJ1cmwiO3M6ODoiaHR0cDovLzoiO31zOjY6Il9mbGFzaCI7YToyOntzOjM6Im9sZCI7YTowOnt9czozOiJuZXciO2E6MDp7fX19',1615119137,'2021-03-07 12:12:20','2021-03-07 12:12:20'),('6vCPp9GTyegYnksSwrX6ZFd2OnVeeeTiRK0b2IZ8',NULL,NULL,'','YTozOntzOjY6Il90b2tlbiI7czo0MDoiY2tZeWwzalliemRpajZRVHNPRExEb1Y2Tmc0TjhRbEVIcmkyWTd5MyI7czo5OiJfcHJldmlvdXMiO2E6MTp7czozOiJ1cmwiO3M6ODoiaHR0cDovLzoiO31zOjY6Il9mbGFzaCI7YToyOntzOjM6Im9sZCI7YTowOnt9czozOiJuZXciO2E6MDp7fX19',1615117586,'2021-03-07 11:46:28','2021-03-07 11:46:28'),('75qkAANymTGtXrYx2yFB83T7I1DtK697SmM64Gl9',NULL,NULL,'','YTozOntzOjY6Il90b2tlbiI7czo0MDoibXNFOVJaQnh2TXFBb1pPbmY1YlNSNU5sM0xSUnNYTGFiRVB4YTMxcCI7czo5OiJfcHJldmlvdXMiO2E6MTp7czozOiJ1cmwiO3M6ODoiaHR0cDovLzoiO31zOjY6Il9mbGFzaCI7YToyOntzOjM6Im9sZCI7YTowOnt9czozOiJuZXciO2E6MDp7fX19',1615121213,'2021-03-07 12:46:56','2021-03-07 12:46:56'),('7EXaaXFIOyzhFiXO0vhxMggXTZg6CGAmainQOt7s',NULL,NULL,'','YTozOntzOjY6Il90b2tlbiI7czo0MDoibDlkVlh3NHVDekZ5TzBVYUk2UUtYVWt3aXJGWVBGYlVkOGtnRVBTVSI7czo5OiJfcHJldmlvdXMiO2E6MTp7czozOiJ1cmwiO3M6ODoiaHR0cDovLzoiO31zOjY6Il9mbGFzaCI7YToyOntzOjM6Im9sZCI7YTowOnt9czozOiJuZXciO2E6MDp7fX19',1615117497,'2021-03-07 11:45:00','2021-03-07 11:45:00'),('7Idmp9HcGsJlNl0BFXUmK51yWPT5G37R3YqmPbEl',NULL,NULL,'','YTozOntzOjY6Il90b2tlbiI7czo0MDoiY29namZOVEZhc0NobmFDcTc5RjNSa0QyTFlzMUZtZVFjcVBNQlVqYyI7czo5OiJfcHJldmlvdXMiO2E6MTp7czozOiJ1cmwiO3M6ODoiaHR0cDovLzoiO31zOjY6Il9mbGFzaCI7YToyOntzOjM6Im9sZCI7YTowOnt9czozOiJuZXciO2E6MDp7fX19',1615119470,'2021-03-07 12:17:52','2021-03-07 12:17:52'),('7tiXPoEsjqV8nuoEgbVbNzOmxWA67WQdsghiHcRQ',NULL,NULL,'','YTozOntzOjY6Il90b2tlbiI7czo0MDoiVkk5ZFVCNWhqRmx4YmFST2xQQ3NuUDg5TU5QNTJpVWtsMll2V0xKTCI7czo5OiJfcHJldmlvdXMiO2E6MTp7czozOiJ1cmwiO3M6ODoiaHR0cDovLzoiO31zOjY6Il9mbGFzaCI7YToyOntzOjM6Im9sZCI7YTowOnt9czozOiJuZXciO2E6MDp7fX19',1615118856,'2021-03-07 12:07:38','2021-03-07 12:07:38'),('8YaF80uKcDzVLxRM8igVt21wyPZ2tgnulbs8eEBf',NULL,NULL,'','YTozOntzOjY6Il90b2tlbiI7czo0MDoia2NlWldFRHk1SmtTd3dCckZtenFRQXJzaXl2T1BobnRIYUdGSjdSayI7czo5OiJfcHJldmlvdXMiO2E6MTp7czozOiJ1cmwiO3M6ODoiaHR0cDovLzoiO31zOjY6Il9mbGFzaCI7YToyOntzOjM6Im9sZCI7YTowOnt9czozOiJuZXciO2E6MDp7fX19',1615117829,'2021-03-07 11:50:32','2021-03-07 11:50:32'),('8yNZhWXmiUNe7gegZ1C98Y4GDsBts5X4FRDpa9uc',NULL,NULL,'','YTozOntzOjY6Il90b2tlbiI7czo0MDoiQ0F2ZXJvdjJySFBNSExjbU1hMm1JZEc1THM4ZHNHS1E0NUNGak9sNiI7czo5OiJfcHJldmlvdXMiO2E6MTp7czozOiJ1cmwiO3M6ODoiaHR0cDovLzoiO31zOjY6Il9mbGFzaCI7YToyOntzOjM6Im9sZCI7YTowOnt9czozOiJuZXciO2E6MDp7fX19',1615114643,'2021-03-07 10:57:25','2021-03-07 10:57:25'),('9CwRa35IaB7UQIkRLwa111tJNMkaBWtLVED0OjE2',NULL,NULL,'','YTozOntzOjY6Il90b2tlbiI7czo0MDoiSHpEVXBzeGREQVV5SHlwMVhob2VFRU5nV2RpaWlrenQ0SEJIVjh6ciI7czo5OiJfcHJldmlvdXMiO2E6MTp7czozOiJ1cmwiO3M6ODoiaHR0cDovLzoiO31zOjY6Il9mbGFzaCI7YToyOntzOjM6Im9sZCI7YTowOnt9czozOiJuZXciO2E6MDp7fX19',1615120964,'2021-03-07 12:42:47','2021-03-07 12:42:47'),('9JHU4PKUsSLWB9Rr6yMSTpRKrKx0G5KKiGTuFxuq',NULL,NULL,'','YTozOntzOjY6Il90b2tlbiI7czo0MDoiMFFHTGRmSE5NRTY1dEFLdEJUU3RtYk1UemJKWEdteXdVbmtXbFpvTSI7czo5OiJfcHJldmlvdXMiO2E6MTp7czozOiJ1cmwiO3M6ODoiaHR0cDovLzoiO31zOjY6Il9mbGFzaCI7YToyOntzOjM6Im9sZCI7YTowOnt9czozOiJuZXciO2E6MDp7fX19',1615117469,'2021-03-07 11:44:31','2021-03-07 11:44:31'),('9N9jzGbfZabQR3nT4mT9LpwSQXLRgVnH4VqxcVn2',NULL,NULL,'','YTozOntzOjY6Il90b2tlbiI7czo0MDoiams3NVg3dVR5c0paSG1VRnlOSk1aZWszT05kd1I2S1Y1NFoyQWV6byI7czo5OiJfcHJldmlvdXMiO2E6MTp7czozOiJ1cmwiO3M6ODoiaHR0cDovLzoiO31zOjY6Il9mbGFzaCI7YToyOntzOjM6Im9sZCI7YTowOnt9czozOiJuZXciO2E6MDp7fX19',1615116991,'2021-03-07 11:36:34','2021-03-07 11:36:34'),('AOgO70avt3ap98OH9IMK2M1zNf4lztpcEeJEbLcW',NULL,NULL,'','YTozOntzOjY6Il90b2tlbiI7czo0MDoieXQ1MDkyT1R4ZVhhUG5aTDRxVXlVU2cySWIyb1RrT29NN1NEY1ptMSI7czo5OiJfcHJldmlvdXMiO2E6MTp7czozOiJ1cmwiO3M6ODoiaHR0cDovLzoiO31zOjY6Il9mbGFzaCI7YToyOntzOjM6Im9sZCI7YTowOnt9czozOiJuZXciO2E6MDp7fX19',1615114531,'2021-03-07 10:55:32','2021-03-07 10:55:32'),('ARb38r5Ou2cAOjdJnNx8EuRJxzjkvarNSMKOnDDC',NULL,NULL,'','YTozOntzOjY6Il90b2tlbiI7czo0MDoidWlVWGs5Y0V6OHNYR3luRVZpQ0VxQ0Rxc25QeTFxak00TGFVeWFVQSI7czo5OiJfcHJldmlvdXMiO2E6MTp7czozOiJ1cmwiO3M6ODoiaHR0cDovLzoiO31zOjY6Il9mbGFzaCI7YToyOntzOjM6Im9sZCI7YTowOnt9czozOiJuZXciO2E6MDp7fX19',1615118031,'2021-03-07 11:53:53','2021-03-07 11:53:53'),('AvLyGBnXljubbRLpOSOcuurIDayjD5FBdaRs30UR',NULL,NULL,'','YTozOntzOjY6Il90b2tlbiI7czo0MDoiNXg0eVpZTjlRU2dJcEQwSkR6WG1XdFhCb1Q5VE91bklCS1ZUbUxwaSI7czo5OiJfcHJldmlvdXMiO2E6MTp7czozOiJ1cmwiO3M6ODoiaHR0cDovLzoiO31zOjY6Il9mbGFzaCI7YToyOntzOjM6Im9sZCI7YTowOnt9czozOiJuZXciO2E6MDp7fX19',1615117772,'2021-03-07 11:49:35','2021-03-07 11:49:35'),('b9WEkUVFKKBqF8yEIoJy6RDvjSp5MrdCfscfphpK',NULL,NULL,'','YTozOntzOjY6Il90b2tlbiI7czo0MDoia3lBNWE4dmkwOVlGRmRWaXVDSXpWTzFrdXRrNTliYzEyb3c3TjkzQiI7czo5OiJfcHJldmlvdXMiO2E6MTp7czozOiJ1cmwiO3M6ODoiaHR0cDovLzoiO31zOjY6Il9mbGFzaCI7YToyOntzOjM6Im9sZCI7YTowOnt9czozOiJuZXciO2E6MDp7fX19',1615120498,'2021-03-07 12:35:00','2021-03-07 12:35:00'),('bEMxGoH9mDhxz3eUEoGp8qeUEyOjEqD9NPV4prtJ',NULL,NULL,'','YTozOntzOjY6Il90b2tlbiI7czo0MDoiVmNvRHQ3NzlrOFB0SEtZNDFZM1JUbFMxTmpwT2hmYlp3U1h3QU1ncCI7czo5OiJfcHJldmlvdXMiO2E6MTp7czozOiJ1cmwiO3M6ODoiaHR0cDovLzoiO31zOjY6Il9mbGFzaCI7YToyOntzOjM6Im9sZCI7YTowOnt9czozOiJuZXciO2E6MDp7fX19',1615119761,'2021-03-07 12:22:44','2021-03-07 12:22:44'),('bJjGAeeKfR2rZl5TrxawkgaKwGql5aGlMpHv83qo',NULL,NULL,'','YTozOntzOjY6Il90b2tlbiI7czo0MDoiZ1p1WTRSS25xYTNINjBaWUprZVpydGNlSkJmQ09mMTFYcVg5WWZYNCI7czo5OiJfcHJldmlvdXMiO2E6MTp7czozOiJ1cmwiO3M6ODoiaHR0cDovLzoiO31zOjY6Il9mbGFzaCI7YToyOntzOjM6Im9sZCI7YTowOnt9czozOiJuZXciO2E6MDp7fX19',1615114601,'2021-03-07 10:56:42','2021-03-07 10:56:42'),('bJz6M1kNffSVRQ8zWZ1rBANE82dtPmOZ0n9kctNL',NULL,NULL,'','YTozOntzOjY6Il90b2tlbiI7czo0MDoiUm5CODNETWpqM0RTMHVpWWd5Rll2a2d1N0NJcjhLWG4zUUxTNnA4MiI7czo5OiJfcHJldmlvdXMiO2E6MTp7czozOiJ1cmwiO3M6ODoiaHR0cDovLzoiO31zOjY6Il9mbGFzaCI7YToyOntzOjM6Im9sZCI7YTowOnt9czozOiJuZXciO2E6MDp7fX19',1615119299,'2021-03-07 12:15:02','2021-03-07 12:15:02'),('BLyFpyn51js2M9yLcZFTpxcNC1duh5vOMzlnCQa8',NULL,NULL,'','YTozOntzOjY6Il90b2tlbiI7czo0MDoiNUFYRlNtbGdpM0xDdE5GWEs2b3JQREVKWFdJbG9aUFR2QUpuRDJERyI7czo5OiJfcHJldmlvdXMiO2E6MTp7czozOiJ1cmwiO3M6ODoiaHR0cDovLzoiO31zOjY6Il9mbGFzaCI7YToyOntzOjM6Im9sZCI7YTowOnt9czozOiJuZXciO2E6MDp7fX19',1615117756,'2021-03-07 11:49:19','2021-03-07 11:49:19'),('bXncDs98gYveE9jt6MRekW6BGdewNtPX7W7rChzs',NULL,NULL,'','YTozOntzOjY6Il90b2tlbiI7czo0MDoicGtnS1FhQmZmY28xNjJ1YmNGOVcyaFh3bmxwdERlUUpUblRBMFQ4UiI7czo5OiJfcHJldmlvdXMiO2E6MTp7czozOiJ1cmwiO3M6ODoiaHR0cDovLzoiO31zOjY6Il9mbGFzaCI7YToyOntzOjM6Im9sZCI7YTowOnt9czozOiJuZXciO2E6MDp7fX19',1615114373,'2021-03-07 10:52:54','2021-03-07 10:52:54'),('c9inLaunVj2F2VQF1rncO6hg6APHgmBrPn6o2iZN',NULL,NULL,'','YTozOntzOjY6Il90b2tlbiI7czo0MDoid2lZNm5STTVhWFh5Wlo3RUV0ZUpESDcya2dFODljTnRqMWtjczUxSiI7czo5OiJfcHJldmlvdXMiO2E6MTp7czozOiJ1cmwiO3M6ODoiaHR0cDovLzoiO31zOjY6Il9mbGFzaCI7YToyOntzOjM6Im9sZCI7YTowOnt9czozOiJuZXciO2E6MDp7fX19',1615121084,'2021-03-07 12:44:46','2021-03-07 12:44:46'),('cawNl6VoF319u0T4xUCrWVQ3OY9COl0lrcYzvnJQ',NULL,NULL,'','YTozOntzOjY6Il90b2tlbiI7czo0MDoiOFprWkFRNzkzNWtPZEs1ZjIyd1lZcjNlcTB6VGJSaVE3UGVBOEVkYiI7czo5OiJfcHJldmlvdXMiO2E6MTp7czozOiJ1cmwiO3M6ODoiaHR0cDovLzoiO31zOjY6Il9mbGFzaCI7YToyOntzOjM6Im9sZCI7YTowOnt9czozOiJuZXciO2E6MDp7fX19',1615117457,'2021-03-07 11:44:20','2021-03-07 11:44:20'),('CGjrjSwlijFta94Vcsp8cbmZ9tY2BkRxDZl9lgyP',NULL,NULL,'','YTozOntzOjY6Il90b2tlbiI7czo0MDoid0V0VmhOck1KbjBueE5pS3gzeWpYbVZRY1JKbXBvVEU3VVdTa3EwWiI7czo5OiJfcHJldmlvdXMiO2E6MTp7czozOiJ1cmwiO3M6ODoiaHR0cDovLzoiO31zOjY6Il9mbGFzaCI7YToyOntzOjM6Im9sZCI7YTowOnt9czozOiJuZXciO2E6MDp7fX19',1615117842,'2021-03-07 11:50:45','2021-03-07 11:50:45'),('cHztj2ctIrYLrVE0eXVi152orMpdYSahuL8hOEN8',NULL,NULL,'','YTozOntzOjY6Il90b2tlbiI7czo0MDoieGNXb2dYVkRlVDEyZ3Ftc1Fya1JqYzBBajFJZUVOb0xxMlpkTnBNeiI7czo5OiJfcHJldmlvdXMiO2E6MTp7czozOiJ1cmwiO3M6ODoiaHR0cDovLzoiO31zOjY6Il9mbGFzaCI7YToyOntzOjM6Im9sZCI7YTowOnt9czozOiJuZXciO2E6MDp7fX19',1615116430,'2021-03-07 11:27:13','2021-03-07 11:27:13'),('cshOth0tHEoKF6mdop0lEYlUm4RqX5sVPPIWGqAN',NULL,NULL,'','YTozOntzOjY6Il90b2tlbiI7czo0MDoicjJpVWFYejduNXRHQjdUSWJmRE1uMVhHUjZocmdUOWJRZkVXZWtadCI7czo5OiJfcHJldmlvdXMiO2E6MTp7czozOiJ1cmwiO3M6ODoiaHR0cDovLzoiO31zOjY6Il9mbGFzaCI7YToyOntzOjM6Im9sZCI7YTowOnt9czozOiJuZXciO2E6MDp7fX19',1615118053,'2021-03-07 11:54:15','2021-03-07 11:54:15'),('cxNUfUdBQMUZrmiruxB6vKIaatmFOZdvR6KQlMsC',NULL,NULL,'','YTozOntzOjY6Il90b2tlbiI7czo0MDoiNVQ1WHdUVzZYaVFLMTI1eEs2Q05CMnVUOGxXY3JReVFXWFA2MWxuZiI7czo5OiJfcHJldmlvdXMiO2E6MTp7czozOiJ1cmwiO3M6ODoiaHR0cDovLzoiO31zOjY6Il9mbGFzaCI7YToyOntzOjM6Im9sZCI7YTowOnt9czozOiJuZXciO2E6MDp7fX19',1615120386,'2021-03-07 12:33:09','2021-03-07 12:33:09'),('D0h04azEUOD88wcJiI5TgxrPJk2vozhCOOrIDTuK',NULL,NULL,'','YTozOntzOjY6Il90b2tlbiI7czo0MDoiSjZZb3FBNDJWb05tNnJWUDJkdGVKeFM5OXBsQkE5MHJtcGhXZnpLMCI7czo5OiJfcHJldmlvdXMiO2E6MTp7czozOiJ1cmwiO3M6ODoiaHR0cDovLzoiO31zOjY6Il9mbGFzaCI7YToyOntzOjM6Im9sZCI7YTowOnt9czozOiJuZXciO2E6MDp7fX19',1615120170,'2021-03-07 12:29:32','2021-03-07 12:29:32'),('d7vnJggdDazjSSWipn9vvh2nZfCUszBupwOzHVk7',NULL,NULL,'','YTozOntzOjY6Il90b2tlbiI7czo0MDoiT0NUbmNwcklPVTlRY2gxSmQ3ZVIyN0xVNTVsWGc3WXVzclRzY29lZiI7czo5OiJfcHJldmlvdXMiO2E6MTp7czozOiJ1cmwiO3M6ODoiaHR0cDovLzoiO31zOjY6Il9mbGFzaCI7YToyOntzOjM6Im9sZCI7YTowOnt9czozOiJuZXciO2E6MDp7fX19',1615114622,'2021-03-07 10:57:03','2021-03-07 10:57:03'),('DcOpSy9vUx5UzqWZomtbrkxNnIrhKdbFmJuMW8Ow',NULL,NULL,'','YTozOntzOjY6Il90b2tlbiI7czo0MDoiTmRvV0trSUVVTnZNcFdZR0dYOHZBQktzVXpPeGdPSWdmVTVLcEo2MyI7czo5OiJfcHJldmlvdXMiO2E6MTp7czozOiJ1cmwiO3M6ODoiaHR0cDovLzoiO31zOjY6Il9mbGFzaCI7YToyOntzOjM6Im9sZCI7YTowOnt9czozOiJuZXciO2E6MDp7fX19',1615120780,'2021-03-07 12:39:42','2021-03-07 12:39:42'),('dJUgzQ1jptlVrh1bTEkxdkiQVaOWBOSJCupusYeA',NULL,NULL,'','YTozOntzOjY6Il90b2tlbiI7czo0MDoieDgxQW5TSEN6YjNPcUpSOWJkM2lINUo2OXFUS25qZDdxMXR1ZzZ4RCI7czo5OiJfcHJldmlvdXMiO2E6MTp7czozOiJ1cmwiO3M6ODoiaHR0cDovLzoiO31zOjY6Il9mbGFzaCI7YToyOntzOjM6Im9sZCI7YTowOnt9czozOiJuZXciO2E6MDp7fX19',1615118076,'2021-03-07 11:54:39','2021-03-07 11:54:39'),('DP9tBw985pnWjXQ9SyaMr3g1saV5jpzDh0vlF0jl',NULL,NULL,'','YTozOntzOjY6Il90b2tlbiI7czo0MDoiY2RkQ0lEWldBYWR5NlpBNkNUb1ZOeUtZdHhGWVBrZVY2aDEzcUF2bSI7czo5OiJfcHJldmlvdXMiO2E6MTp7czozOiJ1cmwiO3M6ODoiaHR0cDovLzoiO31zOjY6Il9mbGFzaCI7YToyOntzOjM6Im9sZCI7YTowOnt9czozOiJuZXciO2E6MDp7fX19',1615118065,'2021-03-07 11:54:28','2021-03-07 11:54:28'),('DRQSMHQKEVqsyt6zfm1n8pQwV7M2WPNolxT6Nio4',NULL,NULL,'','YTozOntzOjY6Il90b2tlbiI7czo0MDoiYXZjektDWk9oa1M3aDF0MDA4UHJwVWxRWWl3Rmc5MnBoWlBPbUsxeCI7czo5OiJfcHJldmlvdXMiO2E6MTp7czozOiJ1cmwiO3M6ODoiaHR0cDovLzoiO31zOjY6Il9mbGFzaCI7YToyOntzOjM6Im9sZCI7YTowOnt9czozOiJuZXciO2E6MDp7fX19',1615119161,'2021-03-07 12:12:44','2021-03-07 12:12:44'),('dT83jUALqQmUqFfXEc8tlQQeOeipWUe86PRPKl0D',NULL,NULL,'','YTozOntzOjY6Il90b2tlbiI7czo0MDoiU2NzbFhqTU1qcDlwY2NqTXBRZEdjUHI3UklBc2NmU1p2M21VQWFlTiI7czo5OiJfcHJldmlvdXMiO2E6MTp7czozOiJ1cmwiO3M6ODoiaHR0cDovLzoiO31zOjY6Il9mbGFzaCI7YToyOntzOjM6Im9sZCI7YTowOnt9czozOiJuZXciO2E6MDp7fX19',1615120178,'2021-03-07 12:29:40','2021-03-07 12:29:40'),('dyrWEPmQUTgtP9inbPxkSrs30mOeynU1sFcDBiZm',NULL,NULL,'','YTozOntzOjY6Il90b2tlbiI7czo0MDoib2Zrc21Pb1ZjdzJ0Q3FTaVFpd1Y4YUY4Tjhrbm15OFU5YUg3c1pwQyI7czo5OiJfcHJldmlvdXMiO2E6MTp7czozOiJ1cmwiO3M6ODoiaHR0cDovLzoiO31zOjY6Il9mbGFzaCI7YToyOntzOjM6Im9sZCI7YTowOnt9czozOiJuZXciO2E6MDp7fX19',1615121038,'2021-03-07 12:44:01','2021-03-07 12:44:01'),('Eohv3ya8kEt7O1eC4OIqHV3avIc2rPD8Yp7kHJzn',NULL,NULL,'','YTozOntzOjY6Il90b2tlbiI7czo0MDoidkRoUXVIcnRQZ2hickVwRUtrU3lpRmZiSEJuUmdCSzdkZFJMTjZwUSI7czo5OiJfcHJldmlvdXMiO2E6MTp7czozOiJ1cmwiO3M6ODoiaHR0cDovLzoiO31zOjY6Il9mbGFzaCI7YToyOntzOjM6Im9sZCI7YTowOnt9czozOiJuZXciO2E6MDp7fX19',1615118421,'2021-03-07 12:00:24','2021-03-07 12:00:24'),('ez9BrHMOPBtYIyN4LJq4LwSI2YB32oyD7UTjA7PY',NULL,NULL,'','YTozOntzOjY6Il90b2tlbiI7czo0MDoiaUZJYlV1RmxDUmR3U0lFNDd0bmI4dlJhZDkxOUk3czZ4bGFCdXpPWCI7czo5OiJfcHJldmlvdXMiO2E6MTp7czozOiJ1cmwiO3M6ODoiaHR0cDovLzoiO31zOjY6Il9mbGFzaCI7YToyOntzOjM6Im9sZCI7YTowOnt9czozOiJuZXciO2E6MDp7fX19',1615120739,'2021-03-07 12:39:01','2021-03-07 12:39:01'),('ezSBrpHK5IsLlPN4peGxH9kAGQMAuKwoPJJOOdh6',NULL,NULL,'','YTozOntzOjY6Il90b2tlbiI7czo0MDoiUFE1czdtSHFEdDNCZ0dWU05tVDM0Z2EwclJsMFpFYmlmaW1Ec2owTiI7czo5OiJfcHJldmlvdXMiO2E6MTp7czozOiJ1cmwiO3M6ODoiaHR0cDovLzoiO31zOjY6Il9mbGFzaCI7YToyOntzOjM6Im9sZCI7YTowOnt9czozOiJuZXciO2E6MDp7fX19',1615118042,'2021-03-07 11:54:05','2021-03-07 11:54:05'),('F8PGVM3Lq1L3HcZ2MmBgcU3Fpd8BLXaJL0rMr0i2',NULL,NULL,'','YTozOntzOjY6Il90b2tlbiI7czo0MDoiS3NlMnF4TmRvaGVtYTVRcE84M1lNU2FNZGIxcDdBNE0ycnZVQm9DSyI7czo5OiJfcHJldmlvdXMiO2E6MTp7czozOiJ1cmwiO3M6ODoiaHR0cDovLzoiO31zOjY6Il9mbGFzaCI7YToyOntzOjM6Im9sZCI7YTowOnt9czozOiJuZXciO2E6MDp7fX19',1615118120,'2021-03-07 11:55:23','2021-03-07 11:55:23'),('fIMiV1nPaPbM4ZyLJzpq1Jf73UyYGb1jfeC3yBrN',NULL,NULL,'','YTozOntzOjY6Il90b2tlbiI7czo0MDoic2sxYWFGWkREcVF5NW5oV09GcG9BdlVnaWg3QmV1ZHpnVnlGOFhUdSI7czo5OiJfcHJldmlvdXMiO2E6MTp7czozOiJ1cmwiO3M6ODoiaHR0cDovLzoiO31zOjY6Il9mbGFzaCI7YToyOntzOjM6Im9sZCI7YTowOnt9czozOiJuZXciO2E6MDp7fX19',1615116572,'2021-03-07 11:29:34','2021-03-07 11:29:34'),('FREMV80wepeJcEzQzSuwE1iKsu2jfl1r2uTX9wGU',NULL,NULL,'','YTozOntzOjY6Il90b2tlbiI7czo0MDoienNFN09IWVRvZTlFRjVDS0RacG5BMUdUeE5GYmlLdjRkNXB0SUJqRyI7czo5OiJfcHJldmlvdXMiO2E6MTp7czozOiJ1cmwiO3M6ODoiaHR0cDovLzoiO31zOjY6Il9mbGFzaCI7YToyOntzOjM6Im9sZCI7YTowOnt9czozOiJuZXciO2E6MDp7fX19',1615120344,'2021-03-07 12:32:26','2021-03-07 12:32:26'),('fTVqh8UwRIUAqkEv8jHK5nlH763kei7IQIzgOLpM',NULL,NULL,'','YTozOntzOjY6Il90b2tlbiI7czo0MDoiTGh3S1N4Ykg4SWhESVBQT3RTeno5VXV1dUlSOHhSY1IxUzBlbFIyNSI7czo5OiJfcHJldmlvdXMiO2E6MTp7czozOiJ1cmwiO3M6ODoiaHR0cDovLzoiO31zOjY6Il9mbGFzaCI7YToyOntzOjM6Im9sZCI7YTowOnt9czozOiJuZXciO2E6MDp7fX19',1615117857,'2021-03-07 11:50:59','2021-03-07 11:50:59'),('fUxjb6gffxoaj5aG1EnxLnW9WpdkhnZmFcpPItsr',NULL,NULL,'','YTozOntzOjY6Il90b2tlbiI7czo0MDoiM0puMEFIbmVRRTFQWERxN09BNWc2M0RmVDFHSk8xWER5Z1Y5RWlNVyI7czo5OiJfcHJldmlvdXMiO2E6MTp7czozOiJ1cmwiO3M6ODoiaHR0cDovLzoiO31zOjY6Il9mbGFzaCI7YToyOntzOjM6Im9sZCI7YTowOnt9czozOiJuZXciO2E6MDp7fX19',1615119259,'2021-03-07 12:14:22','2021-03-07 12:14:22'),('Gh5HFNOZmr5F6fKpuS1W10t7kmMJLJDsB55jKzXw',NULL,NULL,'','YTozOntzOjY6Il90b2tlbiI7czo0MDoiUmxlNWN1SnNyZmdQam51M1NzWTJTQlN0dXF6aG5xeGwzUm1IMnVnViI7czo5OiJfcHJldmlvdXMiO2E6MTp7czozOiJ1cmwiO3M6ODoiaHR0cDovLzoiO31zOjY6Il9mbGFzaCI7YToyOntzOjM6Im9sZCI7YTowOnt9czozOiJuZXciO2E6MDp7fX19',1615119600,'2021-03-07 12:20:02','2021-03-07 12:20:02'),('ghXAQ8M2I74CzdXsV7fq8dIvajLhFAqLCfctn9vi',NULL,NULL,'','YTozOntzOjY6Il90b2tlbiI7czo0MDoiM25qSDNlcmoxWTBpTU1vT3l5YVpmeklJbm9VUlJMQjR3NktqZm8wSCI7czo5OiJfcHJldmlvdXMiO2E6MTp7czozOiJ1cmwiO3M6ODoiaHR0cDovLzoiO31zOjY6Il9mbGFzaCI7YToyOntzOjM6Im9sZCI7YTowOnt9czozOiJuZXciO2E6MDp7fX19',1615119842,'2021-03-07 12:24:05','2021-03-07 12:24:05'),('GLZfsQCnd3BKf9oIzkC7yRNUnRIijEomT9Ra3eeQ',NULL,NULL,'','YTozOntzOjY6Il90b2tlbiI7czo0MDoidnZyYTR0dkFjWE1xOFJwOVBJNDV4ZkUzZ2hMMVQ4ZkhsWDlFNFVZdiI7czo5OiJfcHJldmlvdXMiO2E6MTp7czozOiJ1cmwiO3M6ODoiaHR0cDovLzoiO31zOjY6Il9mbGFzaCI7YToyOntzOjM6Im9sZCI7YTowOnt9czozOiJuZXciO2E6MDp7fX19',1615120276,'2021-03-07 12:31:19','2021-03-07 12:31:19'),('gNbolXTogcmtuAH8okNohX4zAmUTrj8cWldBW8it',NULL,NULL,'','YTozOntzOjY6Il90b2tlbiI7czo0MDoiYmVPeFloR21TNjFzMDl4bmFTRDFsbjUyRVRaa1NWZng4ODNaSHdoVyI7czo5OiJfcHJldmlvdXMiO2E6MTp7czozOiJ1cmwiO3M6ODoiaHR0cDovLzoiO31zOjY6Il9mbGFzaCI7YToyOntzOjM6Im9sZCI7YTowOnt9czozOiJuZXciO2E6MDp7fX19',1615120940,'2021-03-07 12:42:23','2021-03-07 12:42:23'),('gxuvEthMSuwffM6XNN7vjrNrTI9JgG0rq8smeXma',NULL,NULL,'','YTozOntzOjY6Il90b2tlbiI7czo0MDoiZk9sUks1NjZlaWdnQkVEQUlMeFpMbENadTdrR2FBYjlTUDR4OXdvcCI7czo5OiJfcHJldmlvdXMiO2E6MTp7czozOiJ1cmwiO3M6ODoiaHR0cDovLzoiO31zOjY6Il9mbGFzaCI7YToyOntzOjM6Im9sZCI7YTowOnt9czozOiJuZXciO2E6MDp7fX19',1615119287,'2021-03-07 12:14:49','2021-03-07 12:14:49'),('hfXVs1bn2re3iMQ1ORBCRTZA7Lrvs2sxxUZJJqkK',NULL,NULL,'','YTozOntzOjY6Il90b2tlbiI7czo0MDoia0g2S3VhRW1YUE5ZWWxZSDAwUGFOVWc1cGpKT0JJMHVqbU90Z1RJWiI7czo5OiJfcHJldmlvdXMiO2E6MTp7czozOiJ1cmwiO3M6ODoiaHR0cDovLzoiO31zOjY6Il9mbGFzaCI7YToyOntzOjM6Im9sZCI7YTowOnt9czozOiJuZXciO2E6MDp7fX19',1615120404,'2021-03-07 12:33:27','2021-03-07 12:33:27'),('HN9hLHJFfRWyM10UYvLokqWHeWJq7PNNxuqgQOeS',NULL,NULL,'','YTozOntzOjY6Il90b2tlbiI7czo0MDoiZ0JtWUo3RHNDWG1nU09QeWJySkZyV2l0NWVWcHUxdUJTVncxdU93dCI7czo5OiJfcHJldmlvdXMiO2E6MTp7czozOiJ1cmwiO3M6ODoiaHR0cDovLzoiO31zOjY6Il9mbGFzaCI7YToyOntzOjM6Im9sZCI7YTowOnt9czozOiJuZXciO2E6MDp7fX19',1615120514,'2021-03-07 12:35:17','2021-03-07 12:35:17'),('HOysHY49ET7DrDiCBiB1ErtPTSLO75fPBspbEy7i',NULL,NULL,'','YTozOntzOjY6Il90b2tlbiI7czo0MDoiZHJuR0NqOEtZNlBoejdxRjdhNmhoYkVaVG0xRXkzTHE4THJWamtFRSI7czo5OiJfcHJldmlvdXMiO2E6MTp7czozOiJ1cmwiO3M6ODoiaHR0cDovLzoiO31zOjY6Il9mbGFzaCI7YToyOntzOjM6Im9sZCI7YTowOnt9czozOiJuZXciO2E6MDp7fX19',1615119189,'2021-03-07 12:13:11','2021-03-07 12:13:11'),('htslDAAzpljkXb6zLc333nKFBnixnHZfN8VnhuzN',NULL,NULL,'','YTozOntzOjY6Il90b2tlbiI7czo0MDoiWFF5NFRBdkhVUWljUHFjeHhpUkl4YkV5ZlNId0VGMnlxQ282bnJGMCI7czo5OiJfcHJldmlvdXMiO2E6MTp7czozOiJ1cmwiO3M6ODoiaHR0cDovLzoiO31zOjY6Il9mbGFzaCI7YToyOntzOjM6Im9sZCI7YTowOnt9czozOiJuZXciO2E6MDp7fX19',1615121227,'2021-03-07 12:47:10','2021-03-07 12:47:10'),('hYY3xOJ3z4xFxZfJdHDqy3LjXFcHd22HAxmdGnyJ',NULL,NULL,'','YTozOntzOjY6Il90b2tlbiI7czo0MDoibmQwUHlvUUlEOFpSUTY2OGF6U2dRQkJTZGR5V1NETThkN0kxU1cwUyI7czo5OiJfcHJldmlvdXMiO2E6MTp7czozOiJ1cmwiO3M6ODoiaHR0cDovLzoiO31zOjY6Il9mbGFzaCI7YToyOntzOjM6Im9sZCI7YTowOnt9czozOiJuZXciO2E6MDp7fX19',1615117912,'2021-03-07 11:51:55','2021-03-07 11:51:55'),('iiMfWABYrlzFVCKoWBfIbEN4XFNptWhbnA4sXQST',NULL,NULL,'','YTozOntzOjY6Il90b2tlbiI7czo0MDoiT2tFT2xoRFpNTTM3RGxTSXZHN1BWR1lBZFlBTFlkRXFaTVYzRVA3diI7czo5OiJfcHJldmlvdXMiO2E6MTp7czozOiJ1cmwiO3M6ODoiaHR0cDovLzoiO31zOjY6Il9mbGFzaCI7YToyOntzOjM6Im9sZCI7YTowOnt9czozOiJuZXciO2E6MDp7fX19',1615117899,'2021-03-07 11:51:42','2021-03-07 11:51:42'),('IPb0t51Rp3rkMHrdaA4hrxIky5Kslf5zdDE8sYeZ',NULL,NULL,'','YTozOntzOjY6Il90b2tlbiI7czo0MDoiU1paME84Q3FIMzRyQkpoNkxFSE9sc1k3aFM1N25HeDhoV0kxeWdCdSI7czo5OiJfcHJldmlvdXMiO2E6MTp7czozOiJ1cmwiO3M6ODoiaHR0cDovLzoiO31zOjY6Il9mbGFzaCI7YToyOntzOjM6Im9sZCI7YTowOnt9czozOiJuZXciO2E6MDp7fX19',1615119482,'2021-03-07 12:18:05','2021-03-07 12:18:05'),('IqGvC1Wa2DaYQPzuqFw6hqHoVow52RWsmO7UkmBu',NULL,NULL,'','YTozOntzOjY6Il90b2tlbiI7czo0MDoiTm1MSUJGcDBRUnJlRzJ5SjlTam1XNEZvWjRFWUhIVUVoam9lN0MxNiI7czo5OiJfcHJldmlvdXMiO2E6MTp7czozOiJ1cmwiO3M6ODoiaHR0cDovLzoiO31zOjY6Il9mbGFzaCI7YToyOntzOjM6Im9sZCI7YTowOnt9czozOiJuZXciO2E6MDp7fX19',1615119413,'2021-03-07 12:16:55','2021-03-07 12:16:55'),('iVCXQxMdsruEH1BP2NBqvH6vhWeFAHc4x5qISGNl',NULL,NULL,'','YTozOntzOjY6Il90b2tlbiI7czo0MDoibFdWc2ZuWHNZT0U0Z0ZxaEI1aVFCNnltVk9WT0Z2YkJkTFFoMTk0cyI7czo5OiJfcHJldmlvdXMiO2E6MTp7czozOiJ1cmwiO3M6ODoiaHR0cDovLzoiO31zOjY6Il9mbGFzaCI7YToyOntzOjM6Im9sZCI7YTowOnt9czozOiJuZXciO2E6MDp7fX19',1615117399,'2021-03-07 11:43:22','2021-03-07 11:43:22'),('ixq52IgNKOSX5r3tTCfwwrKgCE35P3A2ZUToZeJS',NULL,NULL,'','YTozOntzOjY6Il90b2tlbiI7czo0MDoiTVhIemI0ZWVjUk1SVDN5MDhzUWp3b1k4cHJBRlFPdlNNOWtONEFxdiI7czo5OiJfcHJldmlvdXMiO2E6MTp7czozOiJ1cmwiO3M6ODoiaHR0cDovLzoiO31zOjY6Il9mbGFzaCI7YToyOntzOjM6Im9sZCI7YTowOnt9czozOiJuZXciO2E6MDp7fX19',1615118014,'2021-03-07 11:53:37','2021-03-07 11:53:37'),('J5RtjPSPXFXbKXZRS9VeRUax2YgngbaXBoHprLZb',NULL,NULL,'','YTozOntzOjY6Il90b2tlbiI7czo0MDoiT2xWVDZuYWY5T1NZbmI0TU9MeURaZHV5aGxUa2xqeUNzOEdIOTlNSCI7czo5OiJfcHJldmlvdXMiO2E6MTp7czozOiJ1cmwiO3M6ODoiaHR0cDovLzoiO31zOjY6Il9mbGFzaCI7YToyOntzOjM6Im9sZCI7YTowOnt9czozOiJuZXciO2E6MDp7fX19',1615119853,'2021-03-07 12:24:16','2021-03-07 12:24:16'),('Jad5jqu8s44hTGqbJ0BzC7EMTT90xWlLSJ0TJ06s',NULL,'10.91.154.201','Mozilla/5.0 (Windows NT 10.0; Win64; x64) AppleWebKit/537.36 (KHTML, like Gecko) Chrome/88.0.4324.150 Safari/537.36 OPR/74.0.3911.160','YToyOntzOjY6Il90b2tlbiI7czo0MDoiV1Z1Y0M1WjRyTUZoNzhJRVdSNkVNTVhhZ1g5WkV0NEs3NVZsQTAxWCI7czo2OiJfZmxhc2giO2E6Mjp7czozOiJvbGQiO2E6MDp7fXM6MzoibmV3IjthOjA6e319fQ==',1615120897,'2021-03-07 12:41:37','2021-03-07 12:41:37'),('JMCpQSXyEq7FUQ08yuatvJK7pEy4EzMR7IsvOs8R',NULL,NULL,'','YTozOntzOjY6Il90b2tlbiI7czo0MDoiZTNZbXNXa3R6a2ZlRWFMdHhLVDh3WUdzR3JRSnZyQU5vRnpxcXpGTCI7czo5OiJfcHJldmlvdXMiO2E6MTp7czozOiJ1cmwiO3M6ODoiaHR0cDovLzoiO31zOjY6Il9mbGFzaCI7YToyOntzOjM6Im9sZCI7YTowOnt9czozOiJuZXciO2E6MDp7fX19',1615119448,'2021-03-07 12:17:30','2021-03-07 12:17:30'),('JtYY499YHwa3GOlUOvyVBTdgT1xbEuCrISHwRme3',NULL,NULL,'','YTozOntzOjY6Il90b2tlbiI7czo0MDoiOUpCbnZHWFZ3THpsWVhsV2ZFeklRN2RGN1N3cnNORnRadE8xb29RaCI7czo5OiJfcHJldmlvdXMiO2E6MTp7czozOiJ1cmwiO3M6ODoiaHR0cDovLzoiO31zOjY6Il9mbGFzaCI7YToyOntzOjM6Im9sZCI7YTowOnt9czozOiJuZXciO2E6MDp7fX19',1615116977,'2021-03-07 11:36:20','2021-03-07 11:36:20'),('jyPVtE4StcXIAuwioGVPXg2Id8SONlGP3rXB4ICs',NULL,NULL,'','YTozOntzOjY6Il90b2tlbiI7czo0MDoiaG1rOFA4UlgzM3RuRmZ3c3MzTFNUZ0FkcWc0VjJxOTVtVUNkeFBObSI7czo5OiJfcHJldmlvdXMiO2E6MTp7czozOiJ1cmwiO3M6ODoiaHR0cDovLzoiO31zOjY6Il9mbGFzaCI7YToyOntzOjM6Im9sZCI7YTowOnt9czozOiJuZXciO2E6MDp7fX19',1615117614,'2021-03-07 11:46:56','2021-03-07 11:46:56'),('K0D6fKrOXRaiQDvLgoKvhb0PDqUnLR2SSLfaMMZh',NULL,NULL,'','YTozOntzOjY6Il90b2tlbiI7czo0MDoiZWRpN0U1TEJJNHdxUzhnQ2VNbnBpSFNhek54YlBKekdFVGhDTHZYcCI7czo5OiJfcHJldmlvdXMiO2E6MTp7czozOiJ1cmwiO3M6ODoiaHR0cDovLzoiO31zOjY6Il9mbGFzaCI7YToyOntzOjM6Im9sZCI7YTowOnt9czozOiJuZXciO2E6MDp7fX19',1615114558,'2021-03-07 10:55:59','2021-03-07 10:55:59'),('K8OHxVa33W2g5S5njfueneOzpHOsas2s5l11KTNu',NULL,NULL,'','YTozOntzOjY6Il90b2tlbiI7czo0MDoiM2pNMUhvU2pNdTZCclppZmVBdDFhOHpxbHRGUkkyNzczajltR3pVeiI7czo5OiJfcHJldmlvdXMiO2E6MTp7czozOiJ1cmwiO3M6ODoiaHR0cDovLzoiO31zOjY6Il9mbGFzaCI7YToyOntzOjM6Im9sZCI7YTowOnt9czozOiJuZXciO2E6MDp7fX19',1615116918,'2021-03-07 11:35:20','2021-03-07 11:35:20'),('klb6f6iQSnlD20vtMHFFNxFtiMZ6pXlnNrq2Ncr7',NULL,NULL,'','YTozOntzOjY6Il90b2tlbiI7czo0MDoiR2Y2VGRTZndNaDBuMFN1Vm0zeG1jUE1JYTVxZjVpaXFoVTdsTGdGMiI7czo5OiJfcHJldmlvdXMiO2E6MTp7czozOiJ1cmwiO3M6ODoiaHR0cDovLzoiO31zOjY6Il9mbGFzaCI7YToyOntzOjM6Im9sZCI7YTowOnt9czozOiJuZXciO2E6MDp7fX19',1615119885,'2021-03-07 12:24:48','2021-03-07 12:24:48'),('KPYzel3TTSNHTmOVj3RWK4kWTCOZYoufJUvsAC7P',NULL,NULL,'','YTozOntzOjY6Il90b2tlbiI7czo0MDoiWHdnQ3BvZWVVdmM0RmFQRVJ1UGw3OHd4dVNaQzg2MkNYWjZYc3Z5RSI7czo5OiJfcHJldmlvdXMiO2E6MTp7czozOiJ1cmwiO3M6ODoiaHR0cDovLzoiO31zOjY6Il9mbGFzaCI7YToyOntzOjM6Im9sZCI7YTowOnt9czozOiJuZXciO2E6MDp7fX19',1615119061,'2021-03-07 12:11:04','2021-03-07 12:11:04'),('l4UMz9cYCimRtcB1q8vzbpeAIiT34lk6AEOzXAYp',NULL,NULL,'','YTozOntzOjY6Il90b2tlbiI7czo0MDoiYW1sMEhsdHRMUFd3azZDUFJiN09adFR4MWFVcTBINlA3Y0hKejhSWSI7czo5OiJfcHJldmlvdXMiO2E6MTp7czozOiJ1cmwiO3M6ODoiaHR0cDovLzoiO31zOjY6Il9mbGFzaCI7YToyOntzOjM6Im9sZCI7YTowOnt9czozOiJuZXciO2E6MDp7fX19',1615117944,'2021-03-07 11:52:26','2021-03-07 11:52:26'),('ldddIue0X1DpSh3QjElLTIcdATi5LrmH5Z7hbdFj',NULL,NULL,'','YTozOntzOjY6Il90b2tlbiI7czo0MDoiNVkwaGJTWWswUjVWZU15alhsVmpiVkFPa1lnRTJmZE5hbjI5cE9URyI7czo5OiJfcHJldmlvdXMiO2E6MTp7czozOiJ1cmwiO3M6ODoiaHR0cDovLzoiO31zOjY6Il9mbGFzaCI7YToyOntzOjM6Im9sZCI7YTowOnt9czozOiJuZXciO2E6MDp7fX19',1615121153,'2021-03-07 12:45:56','2021-03-07 12:45:56'),('LFFq7ktPCSfZbd2mYe9DE9Tm8U2xCe1zBHSB57Pm',NULL,NULL,'','YTozOntzOjY6Il90b2tlbiI7czo0MDoiZkczZE1IS2tIZGpET01DWWxPQm1BNWtnbm5RTk5SbzBBWU0zQ1ZCUSI7czo5OiJfcHJldmlvdXMiO2E6MTp7czozOiJ1cmwiO3M6ODoiaHR0cDovLzoiO31zOjY6Il9mbGFzaCI7YToyOntzOjM6Im9sZCI7YTowOnt9czozOiJuZXciO2E6MDp7fX19',1615119173,'2021-03-07 12:12:56','2021-03-07 12:12:56'),('lTUDqMElFvTe2qPmiwsR3T2HglY1wbKRj74Dpry8',NULL,NULL,'','YTozOntzOjY6Il90b2tlbiI7czo0MDoiUmxNb0c1czZlV1NqUEtwSkhOSVl6RzVhVWszbjRjYkxqNVVndHVsSSI7czo5OiJfcHJldmlvdXMiO2E6MTp7czozOiJ1cmwiO3M6ODoiaHR0cDovLzoiO31zOjY6Il9mbGFzaCI7YToyOntzOjM6Im9sZCI7YTowOnt9czozOiJuZXciO2E6MDp7fX19',1615117973,'2021-03-07 11:52:56','2021-03-07 11:52:56'),('LyIgTAlVLcjvY7pKiR8FpZNLNCyPKg9SNUNSlsum',NULL,NULL,'','YTozOntzOjY6Il90b2tlbiI7czo0MDoidmFBMWdPS3JOMFNNQ2dZRGkxNk96cm92WG5RRVhGcFg4NDNYajBnNCI7czo5OiJfcHJldmlvdXMiO2E6MTp7czozOiJ1cmwiO3M6ODoiaHR0cDovLzoiO31zOjY6Il9mbGFzaCI7YToyOntzOjM6Im9sZCI7YTowOnt9czozOiJuZXciO2E6MDp7fX19',1615120578,'2021-03-07 12:36:21','2021-03-07 12:36:21'),('LyzSkmpesdbMIu56bm1PJJeB0Y6CiapuuMRNTdtE',NULL,NULL,'','YTozOntzOjY6Il90b2tlbiI7czo0MDoiR0dLek1hcmk4WlFKZW1tWFVqRzRWazlmejhFek9FOVNQMkw4YzJRZSI7czo5OiJfcHJldmlvdXMiO2E6MTp7czozOiJ1cmwiO3M6ODoiaHR0cDovLzoiO31zOjY6Il9mbGFzaCI7YToyOntzOjM6Im9sZCI7YTowOnt9czozOiJuZXciO2E6MDp7fX19',1615114362,'2021-03-07 10:52:43','2021-03-07 10:52:43'),('M7yMqECcp1QkB0quWEosmTasNG7s1jI4pt58Y0z2',NULL,'127.0.0.1','Mozilla/5.0 (Windows NT 10.0; Win64; x64) AppleWebKit/537.36 (KHTML, like Gecko) Chrome/88.0.4324.190 Safari/537.36','YTozOntzOjY6Il90b2tlbiI7czo0MDoiODAyTnV2cnBRTHF0d3RITnM2cW13bll4V0szZm43clAwejdubWN4TCI7czo2OiJfZmxhc2giO2E6Mjp7czozOiJvbGQiO2E6MDp7fXM6MzoibmV3IjthOjA6e319czo5OiJfcHJldmlvdXMiO2E6MTp7czozOiJ1cmwiO3M6MjU6Imh0dHA6Ly8xMm11ZnRhci5jb20vbG9naW4iO319',1615121336,'2021-03-07 12:48:46','2021-03-07 12:48:46'),('mao1Xm86AVg3BtINqz6cFywaoRdagLqdnUsJsQQW',NULL,NULL,'','YTozOntzOjY6Il90b2tlbiI7czo0MDoiMVo4N3I4aUVPbERaMDZ5TDBHZm50TGNYUDJYbTN5U2htcWRzQ01YRiI7czo5OiJfcHJldmlvdXMiO2E6MTp7czozOiJ1cmwiO3M6ODoiaHR0cDovLzoiO31zOjY6Il9mbGFzaCI7YToyOntzOjM6Im9sZCI7YTowOnt9czozOiJuZXciO2E6MDp7fX19',1615120377,'2021-03-07 12:32:59','2021-03-07 12:32:59'),('mE2eHpaIAiTa5zAVXH7YLUJwRmu16t9HU96WtmWz',NULL,NULL,'','YTozOntzOjY6Il90b2tlbiI7czo0MDoiQUJxSVNHU3hCWWE2bjBVc0hzNGdIQzBBazljTm5oaDFEVmRUZHRKNSI7czo5OiJfcHJldmlvdXMiO2E6MTp7czozOiJ1cmwiO3M6ODoiaHR0cDovLzoiO31zOjY6Il9mbGFzaCI7YToyOntzOjM6Im9sZCI7YTowOnt9czozOiJuZXciO2E6MDp7fX19',1615121028,'2021-03-07 12:43:50','2021-03-07 12:43:50'),('mfKrWZrCe349pd3tfHRKAT4vondGv6JNBXgX990r',NULL,NULL,'','YTozOntzOjY6Il90b2tlbiI7czo0MDoiWG9qMjVMaWswYmdBSjJ4cXJvRzMySmt6bFYxeTBseWxzY0I4enZ5YSI7czo5OiJfcHJldmlvdXMiO2E6MTp7czozOiJ1cmwiO3M6ODoiaHR0cDovLzoiO31zOjY6Il9mbGFzaCI7YToyOntzOjM6Im9sZCI7YTowOnt9czozOiJuZXciO2E6MDp7fX19',1615118430,'2021-03-07 12:00:32','2021-03-07 12:00:32'),('mKZbI0pVKtCNxMMtmbhSxo58LOJIQu7pkl5wNkSc',NULL,NULL,'','YTozOntzOjY6Il90b2tlbiI7czo0MDoiR2pUVXQ1aFVDeHoxcjA1M1Q1ZTBYS2sySjlBajFPMHZlT0k1Y04zZyI7czo5OiJfcHJldmlvdXMiO2E6MTp7czozOiJ1cmwiO3M6ODoiaHR0cDovLzoiO31zOjY6Il9mbGFzaCI7YToyOntzOjM6Im9sZCI7YTowOnt9czozOiJuZXciO2E6MDp7fX19',1615114633,'2021-03-07 10:57:14','2021-03-07 10:57:14'),('moPm3ACYOvhRhkbeQggiuN6XovCuCspYqsDaU9i1',NULL,NULL,'','YTozOntzOjY6Il90b2tlbiI7czo0MDoiazExVlNwQU8wejAzc2NsZ1Nid2s1QlFhU0dKRkFJWVBVM2FVYTNLRCI7czo5OiJfcHJldmlvdXMiO2E6MTp7czozOiJ1cmwiO3M6ODoiaHR0cDovLzoiO31zOjY6Il9mbGFzaCI7YToyOntzOjM6Im9sZCI7YTowOnt9czozOiJuZXciO2E6MDp7fX19',1615119966,'2021-03-07 12:26:09','2021-03-07 12:26:09'),('mTM9I9q4w6lixZcXfreoFRCrYHIdm6CVYC237Esc',NULL,NULL,'','YTozOntzOjY6Il90b2tlbiI7czo0MDoiVDUwcXNMRVBCWk8wNVUxOW9hMzJLRVVlNGxnNzExZVUzWkcxMnJPZiI7czo5OiJfcHJldmlvdXMiO2E6MTp7czozOiJ1cmwiO3M6ODoiaHR0cDovLzoiO31zOjY6Il9mbGFzaCI7YToyOntzOjM6Im9sZCI7YTowOnt9czozOiJuZXciO2E6MDp7fX19',1615119752,'2021-03-07 12:22:34','2021-03-07 12:22:34'),('MXOYwwMRq1bBMxowcW5TuDRbu7BvEY2pPLJwBJPt',NULL,NULL,'','YTozOntzOjY6Il90b2tlbiI7czo0MDoiQTJubUhjY1RJa0EzbEhMWVU0V3dhY0VHMENiT0dsY3psUW5LZWVMYiI7czo5OiJfcHJldmlvdXMiO2E6MTp7czozOiJ1cmwiO3M6ODoiaHR0cDovLzoiO31zOjY6Il9mbGFzaCI7YToyOntzOjM6Im9sZCI7YTowOnt9czozOiJuZXciO2E6MDp7fX19',1615117997,'2021-03-07 11:53:19','2021-03-07 11:53:19'),('n75TfpTkMwSLVdLRG3sJLxH7eYBNHrRIrs4pqVau',NULL,NULL,'','YTozOntzOjY6Il90b2tlbiI7czo0MDoiNzh6MFllR0JmbW5lSzFVV29QQ0t6ckhkeDBEUTFzbVdyM05mOUNnTSI7czo5OiJfcHJldmlvdXMiO2E6MTp7czozOiJ1cmwiO3M6ODoiaHR0cDovLzoiO31zOjY6Il9mbGFzaCI7YToyOntzOjM6Im9sZCI7YTowOnt9czozOiJuZXciO2E6MDp7fX19',1615119975,'2021-03-07 12:26:17','2021-03-07 12:26:17'),('N7cFQsjEHFZKB0QE4IrZxErsnt0xzPAQUhtjhhoI',NULL,NULL,'','YTozOntzOjY6Il90b2tlbiI7czo0MDoicFk0RnNibEI5Tnc0TEdHWmZlSGFqanloUHhnSWlseE9tRTZZTXkydSI7czo5OiJfcHJldmlvdXMiO2E6MTp7czozOiJ1cmwiO3M6ODoiaHR0cDovLzoiO31zOjY6Il9mbGFzaCI7YToyOntzOjM6Im9sZCI7YTowOnt9czozOiJuZXciO2E6MDp7fX19',1615120266,'2021-03-07 12:31:10','2021-03-07 12:31:10'),('NAnhR7IwYkpyiVg1NGJo7DEu2VO28zffZddW34Gh',NULL,NULL,'','YTozOntzOjY6Il90b2tlbiI7czo0MDoid0VybXNGNllEUW9XYnBYSndpM2hyRWtpZDBwNEJGc3pUWTdKZmdyUyI7czo5OiJfcHJldmlvdXMiO2E6MTp7czozOiJ1cmwiO3M6ODoiaHR0cDovLzoiO31zOjY6Il9mbGFzaCI7YToyOntzOjM6Im9sZCI7YTowOnt9czozOiJuZXciO2E6MDp7fX19',1615119072,'2021-03-07 12:11:14','2021-03-07 12:11:14'),('nla9OhPTkofDKwlZCWsHyMqxj1sld61gMgtL7ZQm',NULL,NULL,'','YTozOntzOjY6Il90b2tlbiI7czo0MDoiWk5GTG9CNXhIMzFJWDZkQTBFd0RaNVdRa0cwSjZ5T2NPTmdlMWVFViI7czo5OiJfcHJldmlvdXMiO2E6MTp7czozOiJ1cmwiO3M6ODoiaHR0cDovLzoiO31zOjY6Il9mbGFzaCI7YToyOntzOjM6Im9sZCI7YTowOnt9czozOiJuZXciO2E6MDp7fX19',1615119380,'2021-03-07 12:16:22','2021-03-07 12:16:22'),('NSae9FiR2LvY3RFqtd2vhUEDg3EUtwhzcN7kiLQY',NULL,NULL,'','YTozOntzOjY6Il90b2tlbiI7czo0MDoiOUxaZ1l3UzRwNnpWdzEya0RoR2lESWJTVThTZjllYW1jNkJ0UW50byI7czo5OiJfcHJldmlvdXMiO2E6MTp7czozOiJ1cmwiO3M6ODoiaHR0cDovLzoiO31zOjY6Il9mbGFzaCI7YToyOntzOjM6Im9sZCI7YTowOnt9czozOiJuZXciO2E6MDp7fX19',1615118991,'2021-03-07 12:09:54','2021-03-07 12:09:54'),('nwJBHXIhcAzV9wQ0MVUZMjjPG3XajE3mGcVPnIy6',NULL,NULL,'','YTozOntzOjY6Il90b2tlbiI7czo0MDoiT3pGcnNwVFN0Y3ptVGZiS3VKUGZpaXUzcENLcDZWVkxzOGppMWdNaSI7czo5OiJfcHJldmlvdXMiO2E6MTp7czozOiJ1cmwiO3M6ODoiaHR0cDovLzoiO31zOjY6Il9mbGFzaCI7YToyOntzOjM6Im9sZCI7YTowOnt9czozOiJuZXciO2E6MDp7fX19',1615120118,'2021-03-07 12:28:40','2021-03-07 12:28:40'),('OhwkYdNcFdwPpP7sTOwRBYBfBKwtlfnhEGTwDfxR',NULL,NULL,'','YTozOntzOjY6Il90b2tlbiI7czo0MDoibEYwWlNOZnlXTVdHQkRacW04M2c4QVBrTGQ4TzNoanltSXA4ZWRQUiI7czo5OiJfcHJldmlvdXMiO2E6MTp7czozOiJ1cmwiO3M6ODoiaHR0cDovLzoiO31zOjY6Il9mbGFzaCI7YToyOntzOjM6Im9sZCI7YTowOnt9czozOiJuZXciO2E6MDp7fX19',1615120957,'2021-03-07 12:42:39','2021-03-07 12:42:39'),('Oi4QxC0mglRijZ4tvsvUTRMfeTt0eGAVDypg6pcD',NULL,NULL,'','YTozOntzOjY6Il90b2tlbiI7czo0MDoiRnZFRGFrRkx5cDlYb3NWYU1KMFFtV1h3cVBBU0Z1ckp2YnZjanBOaCI7czo5OiJfcHJldmlvdXMiO2E6MTp7czozOiJ1cmwiO3M6ODoiaHR0cDovLzoiO31zOjY6Il9mbGFzaCI7YToyOntzOjM6Im9sZCI7YTowOnt9czozOiJuZXciO2E6MDp7fX19',1615118967,'2021-03-07 12:09:29','2021-03-07 12:09:29'),('oqviLc4nYpeSi2lJjkVWForlio0ECcUoIbZnR8WP',NULL,NULL,'','YTozOntzOjY6Il90b2tlbiI7czo0MDoiaFMyeHJod3lDd05lSWJORm9HUDJIVm5zSWhrYUZaT2RXM1d3ek9oQiI7czo5OiJfcHJldmlvdXMiO2E6MTp7czozOiJ1cmwiO3M6ODoiaHR0cDovLzoiO31zOjY6Il9mbGFzaCI7YToyOntzOjM6Im9sZCI7YTowOnt9czozOiJuZXciO2E6MDp7fX19',1615117383,'2021-03-07 11:43:05','2021-03-07 11:43:05'),('OueaAmel0XuMtrRSZniSAoC7r9hAj1FwoKx6KXXL',NULL,NULL,'','YTozOntzOjY6Il90b2tlbiI7czo0MDoiaUlqU2ZyWGM5cjE3czFHbGdzNnVFUmpvcTd4TTV4RUZDRjdXem5nSiI7czo5OiJfcHJldmlvdXMiO2E6MTp7czozOiJ1cmwiO3M6ODoiaHR0cDovLzoiO31zOjY6Il9mbGFzaCI7YToyOntzOjM6Im9sZCI7YTowOnt9czozOiJuZXciO2E6MDp7fX19',1615118957,'2021-03-07 12:09:20','2021-03-07 12:09:20'),('ovTJyz8F200rY09GGLCWjSGgoazh3oryHk88H3dz',NULL,NULL,'','YTozOntzOjY6Il90b2tlbiI7czo0MDoiVnBhSkkwZURXMDlNS1dkQ28wVlJDaDBYMFpmMEQ1aXg4VkNhckhXZyI7czo5OiJfcHJldmlvdXMiO2E6MTp7czozOiJ1cmwiO3M6ODoiaHR0cDovLzoiO31zOjY6Il9mbGFzaCI7YToyOntzOjM6Im9sZCI7YTowOnt9czozOiJuZXciO2E6MDp7fX19',1615116584,'2021-03-07 11:29:46','2021-03-07 11:29:46'),('oyd1i1RjmM3YI0DBN7LNZmJZ5pNoqjzBfE43cU3w',NULL,NULL,'','YTozOntzOjY6Il90b2tlbiI7czo0MDoiQjJjY2ZTa2dPYTlTeGxUM2U5ZEVuOUJMWDRIeU81WFJycVNxN1RYRCI7czo5OiJfcHJldmlvdXMiO2E6MTp7czozOiJ1cmwiO3M6ODoiaHR0cDovLzoiO31zOjY6Il9mbGFzaCI7YToyOntzOjM6Im9sZCI7YTowOnt9czozOiJuZXciO2E6MDp7fX19',1615114567,'2021-03-07 10:56:09','2021-03-07 10:56:09'),('OyKy0ScynljrADpRKkqR4Fx1IFbFKWRZvCGYBvwF',NULL,NULL,'','YTozOntzOjY6Il90b2tlbiI7czo0MDoiSXNUS0psaFdKRXBBM1BsS2RMV1VuQmczYm1tRXc1MEl5MzFNRXBwUSI7czo5OiJfcHJldmlvdXMiO2E6MTp7czozOiJ1cmwiO3M6ODoiaHR0cDovLzoiO31zOjY6Il9mbGFzaCI7YToyOntzOjM6Im9sZCI7YTowOnt9czozOiJuZXciO2E6MDp7fX19',1615121137,'2021-03-07 12:45:39','2021-03-07 12:45:39'),('pC0izuT83XkS3B7GjdqZXBErkLBb1waNWdEUmDlN',NULL,NULL,'','YTozOntzOjY6Il90b2tlbiI7czo0MDoiUktTQ0pVaTJ4OXNtVTBOTFFtRmtNTHRyOTREZ2tlTXdXbEpobDY4OCI7czo5OiJfcHJldmlvdXMiO2E6MTp7czozOiJ1cmwiO3M6ODoiaHR0cDovLzoiO31zOjY6Il9mbGFzaCI7YToyOntzOjM6Im9sZCI7YTowOnt9czozOiJuZXciO2E6MDp7fX19',1615118086,'2021-03-07 11:54:48','2021-03-07 11:54:48'),('PlUhCHdL1KAeyLsMJNU4HgxvKzUridSRtmVwkKVE',NULL,NULL,'','YTozOntzOjY6Il90b2tlbiI7czo0MDoiQ1h4WGVKS1hkdDhST0gweDNJNlVEMkplQ1h3a3FJNFVYWWphb01NWCI7czo5OiJfcHJldmlvdXMiO2E6MTp7czozOiJ1cmwiO3M6ODoiaHR0cDovLzoiO31zOjY6Il9mbGFzaCI7YToyOntzOjM6Im9sZCI7YTowOnt9czozOiJuZXciO2E6MDp7fX19',1615114671,'2021-03-07 10:57:52','2021-03-07 10:57:52'),('PmdwcA3GSFCsAO1oAbxyZahiUiPUPoQ7kQm7Yb3B',NULL,NULL,'','YTozOntzOjY6Il90b2tlbiI7czo0MDoiUVFidEs3VU1IYU9Udk90NXdVdHBPdlVXOXF4Mkd1b0JNc0NQZWlmTSI7czo5OiJfcHJldmlvdXMiO2E6MTp7czozOiJ1cmwiO3M6ODoiaHR0cDovLzoiO31zOjY6Il9mbGFzaCI7YToyOntzOjM6Im9sZCI7YTowOnt9czozOiJuZXciO2E6MDp7fX19',1615121127,'2021-03-07 12:45:30','2021-03-07 12:45:30'),('pO21Lr9Q9iDqyRjPpZEY7iAillJVguLdixxwJ9ZP',NULL,NULL,'','YTozOntzOjY6Il90b2tlbiI7czo0MDoiVE13NXNWUDVVWHFqZjdrM2hLa29BVTV4WlRVNXlsYXVuOVBNVDQwZiI7czo5OiJfcHJldmlvdXMiO2E6MTp7czozOiJ1cmwiO3M6ODoiaHR0cDovLzoiO31zOjY6Il9mbGFzaCI7YToyOntzOjM6Im9sZCI7YTowOnt9czozOiJuZXciO2E6MDp7fX19',1615114459,'2021-03-07 10:54:21','2021-03-07 10:54:21'),('PQAY3feaHKw8Ww540IZnrbSMyLeSaTK7LOs6iPC7',NULL,NULL,'','YTozOntzOjY6Il90b2tlbiI7czo0MDoid3NPWnUzQ0RaYVJGaEFtVkpuc1hxR3pYRVFubjBFalBBY0RNVUhzZiI7czo5OiJfcHJldmlvdXMiO2E6MTp7czozOiJ1cmwiO3M6ODoiaHR0cDovLzoiO31zOjY6Il9mbGFzaCI7YToyOntzOjM6Im9sZCI7YTowOnt9czozOiJuZXciO2E6MDp7fX19',1615117927,'2021-03-07 11:52:10','2021-03-07 11:52:10'),('PQJjUtI7FN9laStZ30TfiKy04NSBMzduknhXjG32',NULL,NULL,'','YTozOntzOjY6Il90b2tlbiI7czo0MDoiUFQxRHBtYzJsMnc5aXVsYWVIWkRpWTJ6c2pFdmdIZndCZEJmaHpHUyI7czo5OiJfcHJldmlvdXMiO2E6MTp7czozOiJ1cmwiO3M6ODoiaHR0cDovLzoiO31zOjY6Il9mbGFzaCI7YToyOntzOjM6Im9sZCI7YTowOnt9czozOiJuZXciO2E6MDp7fX19',1615120949,'2021-03-07 12:42:31','2021-03-07 12:42:31'),('Q3GvWaoHbqdi2G1MRjj8VYoRMjsteiv9MkpgknGW',NULL,NULL,'','YTozOntzOjY6Il90b2tlbiI7czo0MDoiN00zanN1YUVDSk90V0t3MENsNFdUdnFiaGlYcVF6ZDdrVzhXZ044UiI7czo5OiJfcHJldmlvdXMiO2E6MTp7czozOiJ1cmwiO3M6ODoiaHR0cDovLzoiO31zOjY6Il9mbGFzaCI7YToyOntzOjM6Im9sZCI7YTowOnt9czozOiJuZXciO2E6MDp7fX19',1615116939,'2021-03-07 11:35:42','2021-03-07 11:35:42'),('Q9eCAYLF0hYMbca159CzxpoG21xn59QvZsrKyk3e',NULL,NULL,'','YTozOntzOjY6Il90b2tlbiI7czo0MDoib3Y3ZktKMkFycE9xcjQzbUltaGFOUVhSbk5nNkU2TVQwVnFWYUtjVCI7czo5OiJfcHJldmlvdXMiO2E6MTp7czozOiJ1cmwiO3M6ODoiaHR0cDovLzoiO31zOjY6Il9mbGFzaCI7YToyOntzOjM6Im9sZCI7YTowOnt9czozOiJuZXciO2E6MDp7fX19',1615117644,'2021-03-07 11:47:26','2021-03-07 11:47:26'),('qFrv9WD6XcZsEWnYIrT457FO8hcVIur1e35isELy',NULL,NULL,'','YTozOntzOjY6Il90b2tlbiI7czo0MDoiWHlDa3NtNjU0WGZtMzVKRG16NFpTbFVzb2hZajFSbU5vVGtQcUVZWCI7czo5OiJfcHJldmlvdXMiO2E6MTp7czozOiJ1cmwiO3M6ODoiaHR0cDovLzoiO31zOjY6Il9mbGFzaCI7YToyOntzOjM6Im9sZCI7YTowOnt9czozOiJuZXciO2E6MDp7fX19',1615114509,'2021-03-07 10:55:10','2021-03-07 10:55:10'),('R3jqzC65vHZ5Qtw1brlzr8B4GUP5wj3pCOPXpnSo',NULL,NULL,'','YTozOntzOjY6Il90b2tlbiI7czo0MDoiOVBqWWtOYnJaU0lDTGUwUFZjWVQydUc1MGZNZ052Qm5xQ21pTjlqWiI7czo5OiJfcHJldmlvdXMiO2E6MTp7czozOiJ1cmwiO3M6ODoiaHR0cDovLzoiO31zOjY6Il9mbGFzaCI7YToyOntzOjM6Im9sZCI7YTowOnt9czozOiJuZXciO2E6MDp7fX19',1615121145,'2021-03-07 12:45:48','2021-03-07 12:45:48'),('r3sXwp3IB70wmgQvpErLjpHy5g5nqgBBRRR08BZ0',NULL,NULL,'','YTozOntzOjY6Il90b2tlbiI7czo0MDoibkt5b3NtUTMwU2JZa1RnT1dTUTJESTU5SUE1TjBEcjY5cXBoU0w3RCI7czo5OiJfcHJldmlvdXMiO2E6MTp7czozOiJ1cmwiO3M6ODoiaHR0cDovLzoiO31zOjY6Il9mbGFzaCI7YToyOntzOjM6Im9sZCI7YTowOnt9czozOiJuZXciO2E6MDp7fX19',1615116765,'2021-03-07 11:32:47','2021-03-07 11:32:47'),('r5vqthKEAGEaDPs66MNhZvntc6qdmvifCtBqoIrH',NULL,NULL,'','YTozOntzOjY6Il90b2tlbiI7czo0MDoiRXdLU0ozR3FGc2lsVFJFbTRLR1VKMWVSd1Joamh0cUhwM2RzUE9SaiI7czo5OiJfcHJldmlvdXMiO2E6MTp7czozOiJ1cmwiO3M6ODoiaHR0cDovLzoiO31zOjY6Il9mbGFzaCI7YToyOntzOjM6Im9sZCI7YTowOnt9czozOiJuZXciO2E6MDp7fX19',1615119149,'2021-03-07 12:12:31','2021-03-07 12:12:31'),('RB1a9IglaAFz3gISE1Uv10G6P9wQ8pAKy7xNuNhb',NULL,NULL,'','YTozOntzOjY6Il90b2tlbiI7czo0MDoiN2phZklyU204clk3V0plbGl0WDZ3VFdxNjlkWXZUdGtrdThnTEIzRCI7czo5OiJfcHJldmlvdXMiO2E6MTp7czozOiJ1cmwiO3M6ODoiaHR0cDovLzoiO31zOjY6Il9mbGFzaCI7YToyOntzOjM6Im9sZCI7YTowOnt9czozOiJuZXciO2E6MDp7fX19',1615114519,'2021-03-07 10:55:20','2021-03-07 10:55:20'),('rdRggCIMEbVoIHzoSodPnqMhOobFyhDciksJCVat',NULL,NULL,'','YTozOntzOjY6Il90b2tlbiI7czo0MDoicExvSjJtbk40S3h0QTlROWpSeFEybXZKdmR2SEtjaERuY1c4ak1yciI7czo5OiJfcHJldmlvdXMiO2E6MTp7czozOiJ1cmwiO3M6ODoiaHR0cDovLzoiO31zOjY6Il9mbGFzaCI7YToyOntzOjM6Im9sZCI7YTowOnt9czozOiJuZXciO2E6MDp7fX19',1615119024,'2021-03-07 12:10:26','2021-03-07 12:10:26'),('rDxtWqRCMNfZOmDMuG4g4lgExQrU8HmvKTkwWLC9',NULL,NULL,'','YTozOntzOjY6Il90b2tlbiI7czo0MDoieWprVzdxSExyZEJ6Y0RYNFk4YTI4VDg2YVRQeHcyYkloU1lycjFVMSI7czo5OiJfcHJldmlvdXMiO2E6MTp7czozOiJ1cmwiO3M6ODoiaHR0cDovLzoiO31zOjY6Il9mbGFzaCI7YToyOntzOjM6Im9sZCI7YTowOnt9czozOiJuZXciO2E6MDp7fX19',1615119201,'2021-03-07 12:13:24','2021-03-07 12:13:24'),('rfoH49nH4WYunbpzXsZikZOF6KAdbgmx0bIk45SH',NULL,NULL,'','YTozOntzOjY6Il90b2tlbiI7czo0MDoiVUtiREdhbkI5eHc4UjlwdE5Fc1g0YlgzQWRpWjYyYnBhbWVhZ1FKbyI7czo5OiJfcHJldmlvdXMiO2E6MTp7czozOiJ1cmwiO3M6ODoiaHR0cDovLzoiO31zOjY6Il9mbGFzaCI7YToyOntzOjM6Im9sZCI7YTowOnt9czozOiJuZXciO2E6MDp7fX19',1615120108,'2021-03-07 12:28:31','2021-03-07 12:28:31'),('rQ1AeflB9Co7Rau6yjLKS73VmUzowQ2tFjxURYGk',NULL,NULL,'','YTozOntzOjY6Il90b2tlbiI7czo0MDoiSmpxTjcwZ0JnN2ZLSU1lTUtDenJiZG04TW9wQXlkOUVPZTdqdk1rciI7czo5OiJfcHJldmlvdXMiO2E6MTp7czozOiJ1cmwiO3M6ODoiaHR0cDovLzoiO31zOjY6Il9mbGFzaCI7YToyOntzOjM6Im9sZCI7YTowOnt9czozOiJuZXciO2E6MDp7fX19',1615120335,'2021-03-07 12:32:17','2021-03-07 12:32:17'),('RS84uSRYp8SAUnSOUa3TlJXUtsJ0bQW3ubfEoosH',NULL,NULL,'','YTozOntzOjY6Il90b2tlbiI7czo0MDoiTVBkTHVqcXZsNk9zeGVQZk94NmJROWdkaFc3blRRZFd6WDdtUFNzZiI7czo5OiJfcHJldmlvdXMiO2E6MTp7czozOiJ1cmwiO3M6ODoiaHR0cDovLzoiO31zOjY6Il9mbGFzaCI7YToyOntzOjM6Im9sZCI7YTowOnt9czozOiJuZXciO2E6MDp7fX19',1615119215,'2021-03-07 12:13:38','2021-03-07 12:13:38'),('s8b4q6t9tD1AI49nAr3KxSAW4JjNEplTURqvnANs',NULL,NULL,'','YTozOntzOjY6Il90b2tlbiI7czo0MDoicGVlbFZBZ3k2UFFXR0VLRmh2dmVYejZzQ1lkdXpBdHMxcTRVOXpKaCI7czo5OiJfcHJldmlvdXMiO2E6MTp7czozOiJ1cmwiO3M6ODoiaHR0cDovLzoiO31zOjY6Il9mbGFzaCI7YToyOntzOjM6Im9sZCI7YTowOnt9czozOiJuZXciO2E6MDp7fX19',1615117812,'2021-03-07 11:50:15','2021-03-07 11:50:15'),('SHVabreL5sduxyq7Cmlnccjl6Eu6I6qBteyS5cCx',NULL,NULL,'','YTozOntzOjY6Il90b2tlbiI7czo0MDoiWmZpY0R5ajhwUldrVUJySnM1ZE8zRmZoVEo5R3hMeEVDclNvOVM4RiI7czo5OiJfcHJldmlvdXMiO2E6MTp7czozOiJ1cmwiO3M6ODoiaHR0cDovLzoiO31zOjY6Il9mbGFzaCI7YToyOntzOjM6Im9sZCI7YTowOnt9czozOiJuZXciO2E6MDp7fX19',1615119864,'2021-03-07 12:24:26','2021-03-07 12:24:26'),('sPwQqEZdcq43SyrxcVbwfUx7Z9lXMvCYBSFn5Adg',NULL,NULL,'','YTozOntzOjY6Il90b2tlbiI7czo0MDoiaFp0MmUyWk54aFRDUEJZZEd0MVZsQWVRdHpSdlc4M0ZwQVp0UEpzRCI7czo5OiJfcHJldmlvdXMiO2E6MTp7czozOiJ1cmwiO3M6ODoiaHR0cDovLzoiO31zOjY6Il9mbGFzaCI7YToyOntzOjM6Im9sZCI7YTowOnt9czozOiJuZXciO2E6MDp7fX19',1615119932,'2021-03-07 12:25:35','2021-03-07 12:25:35'),('Tah80KWuyubYxgGR28cp8LdmtrqkcHXTcx6qKuay',NULL,NULL,'','YTozOntzOjY6Il90b2tlbiI7czo0MDoiS3paV2NjRGZYTnk1OTNoNm84TFNuSXFpalNhWElXWXIwcHFYTkJ6ZCI7czo5OiJfcHJldmlvdXMiO2E6MTp7czozOiJ1cmwiO3M6ODoiaHR0cDovLzoiO31zOjY6Il9mbGFzaCI7YToyOntzOjM6Im9sZCI7YTowOnt9czozOiJuZXciO2E6MDp7fX19',1615114579,'2021-03-07 10:56:20','2021-03-07 10:56:20'),('TCGhiHgUdxgXdr2d4VOPOdBx3uExJqev7aioT0sd',NULL,NULL,'','YTozOntzOjY6Il90b2tlbiI7czo0MDoiSG91YmRTRktCZzhocFI3dFZreUlXNU1rbHNhZGRPY1pseVMzWDMzMSI7czo5OiJfcHJldmlvdXMiO2E6MTp7czozOiJ1cmwiO3M6ODoiaHR0cDovLzoiO31zOjY6Il9mbGFzaCI7YToyOntzOjM6Im9sZCI7YTowOnt9czozOiJuZXciO2E6MDp7fX19',1615119369,'2021-03-07 12:16:12','2021-03-07 12:16:12'),('tdCE2SK8rwXqsP2fVRU9kGuymNyLm4TsLp4qIhLN',NULL,NULL,'','YTozOntzOjY6Il90b2tlbiI7czo0MDoiNWxKYUNOaU94OG1NbzZiQUZSVjBUbTBqc0luYTZXRUtjZ0pjQmMxNSI7czo5OiJfcHJldmlvdXMiO2E6MTp7czozOiJ1cmwiO3M6ODoiaHR0cDovLzoiO31zOjY6Il9mbGFzaCI7YToyOntzOjM6Im9sZCI7YTowOnt9czozOiJuZXciO2E6MDp7fX19',1615120547,'2021-03-07 12:35:50','2021-03-07 12:35:50'),('tm2b3Tm8UKLLYgc02mF4PBIi4Jh6Jvgda0GzaMdj',NULL,NULL,'','YTozOntzOjY6Il90b2tlbiI7czo0MDoic1RzTkNHZWhNc0NPekhVOHhPWmFTMzVMeHRwWU9YUXoycjFFb2QxRiI7czo5OiJfcHJldmlvdXMiO2E6MTp7czozOiJ1cmwiO3M6ODoiaHR0cDovLzoiO31zOjY6Il9mbGFzaCI7YToyOntzOjM6Im9sZCI7YTowOnt9czozOiJuZXciO2E6MDp7fX19',1615121876,'2021-03-07 12:57:58','2021-03-07 12:57:58'),('tmaebTZyBFP1AmfmpkeRpRQRPxQ3hEFyDJqsxtK1',NULL,NULL,'','YTozOntzOjY6Il90b2tlbiI7czo0MDoiSk5TTXBweHIzcHpKZ3N6V2QyYWdUUWpZZ1I1TG0xZnhKNk5YQkJVOCI7czo5OiJfcHJldmlvdXMiO2E6MTp7czozOiJ1cmwiO3M6ODoiaHR0cDovLzoiO31zOjY6Il9mbGFzaCI7YToyOntzOjM6Im9sZCI7YTowOnt9czozOiJuZXciO2E6MDp7fX19',1615116929,'2021-03-07 11:35:31','2021-03-07 11:35:31'),('TQk1tqLdc2uJPCn1rZWkqnUMpnONfp5YCSJf6Hwl',NULL,NULL,'','YTozOntzOjY6Il90b2tlbiI7czo0MDoicW13eUE1ZElGakhDMjJtT1VrQXhQd1l4V0pxV2pxTUdxNERMR0VsSCI7czo5OiJfcHJldmlvdXMiO2E6MTp7czozOiJ1cmwiO3M6ODoiaHR0cDovLzoiO31zOjY6Il9mbGFzaCI7YToyOntzOjM6Im9sZCI7YTowOnt9czozOiJuZXciO2E6MDp7fX19',1615117507,'2021-03-07 11:45:10','2021-03-07 11:45:10'),('TySG7RqKCubCLHwCvqk9YirvoDNax8VQAurXBQfT',NULL,NULL,'','YTozOntzOjY6Il90b2tlbiI7czo0MDoibk94ZHJMamdJeFFOWnVZOXh4VHFKY1FjekFBSWZBOGVxcEpEeHlwMiI7czo5OiJfcHJldmlvdXMiO2E6MTp7czozOiJ1cmwiO3M6ODoiaHR0cDovLzoiO31zOjY6Il9mbGFzaCI7YToyOntzOjM6Im9sZCI7YTowOnt9czozOiJuZXciO2E6MDp7fX19',1615118906,'2021-03-07 12:08:28','2021-03-07 12:08:28'),('TzQ17FaVEqzmB7ucL1zBVP1mAs922BSshgu3DPEU',NULL,NULL,'','YTozOntzOjY6Il90b2tlbiI7czo0MDoiWHdmQ09NSXozMG5JQnRDcTZMTkhxUHBlQkpIcWdXcE1SN2xIODRvcSI7czo5OiJfcHJldmlvdXMiO2E6MTp7czozOiJ1cmwiO3M6ODoiaHR0cDovLzoiO31zOjY6Il9mbGFzaCI7YToyOntzOjM6Im9sZCI7YTowOnt9czozOiJuZXciO2E6MDp7fX19',1615119627,'2021-03-07 12:20:29','2021-03-07 12:20:29'),('uLEcDcBbxVUbCmXYDEiJh4xiY1KyPtI3CrJrKnRY',NULL,NULL,'','YTozOntzOjY6Il90b2tlbiI7czo0MDoidzFRVXl1MmluYXlDYVE3b1NNdXNMTUVjRnNOUnlrM0VKZFI3Z1BWMyI7czo5OiJfcHJldmlvdXMiO2E6MTp7czozOiJ1cmwiO3M6ODoiaHR0cDovLzoiO31zOjY6Il9mbGFzaCI7YToyOntzOjM6Im9sZCI7YTowOnt9czozOiJuZXciO2E6MDp7fX19',1615115931,'2021-03-07 11:18:53','2021-03-07 11:18:53'),('UpI99rH6s990G0nTPEJC0dhPlsgBsR1oxJUfOScc',NULL,NULL,'','YTozOntzOjY6Il90b2tlbiI7czo0MDoidHZKZGRrS2VoaTA5WmNseW5Kc24wVmQxZjhpblRQT0ptOEhMVFg0VyI7czo5OiJfcHJldmlvdXMiO2E6MTp7czozOiJ1cmwiO3M6ODoiaHR0cDovLzoiO31zOjY6Il9mbGFzaCI7YToyOntzOjM6Im9sZCI7YTowOnt9czozOiJuZXciO2E6MDp7fX19',1615117804,'2021-03-07 11:50:06','2021-03-07 11:50:06'),('UWkAc8buZ9cLIsAj1ElZQve5kZWyeos9qSWNy9pR',NULL,NULL,'','YTozOntzOjY6Il90b2tlbiI7czo0MDoieU51VFZmWE1qSmZ5c0Flb3hlUGhqU1hoQU9ZNDA0d09CSktDdkt4RCI7czo5OiJfcHJldmlvdXMiO2E6MTp7czozOiJ1cmwiO3M6ODoiaHR0cDovLzoiO31zOjY6Il9mbGFzaCI7YToyOntzOjM6Im9sZCI7YTowOnt9czozOiJuZXciO2E6MDp7fX19',1615120097,'2021-03-07 12:28:20','2021-03-07 12:28:20'),('v8odPBxBbNJZUVH3dB3hYD1L2RDgktLqNatcI2Ef',NULL,NULL,'','YTozOntzOjY6Il90b2tlbiI7czo0MDoiR1pYMEtabDI1c2VMZVgzd0syamtuaXc0bUxRMUtmcFJUNWRJR0E4eiI7czo5OiJfcHJldmlvdXMiO2E6MTp7czozOiJ1cmwiO3M6ODoiaHR0cDovLzoiO31zOjY6Il9mbGFzaCI7YToyOntzOjM6Im9sZCI7YTowOnt9czozOiJuZXciO2E6MDp7fX19',1615119040,'2021-03-07 12:10:44','2021-03-07 12:10:44'),('Vdxsv99quUOUqw68HIeF6IF7feqrMSTFCS3Q57Ex',NULL,NULL,'','YTozOntzOjY6Il90b2tlbiI7czo0MDoiWXkzS0w3TUpxSTE3Vmp2UHhxdlR2eTQ2SDk5TDk3a1lpMDJGTFpKVCI7czo5OiJfcHJldmlvdXMiO2E6MTp7czozOiJ1cmwiO3M6ODoiaHR0cDovLzoiO31zOjY6Il9mbGFzaCI7YToyOntzOjM6Im9sZCI7YTowOnt9czozOiJuZXciO2E6MDp7fX19',1615121046,'2021-03-07 12:44:09','2021-03-07 12:44:09'),('vGxAaDMvDV2JYSFiE2WRjYJydxb0dOVwVoS6CXem',NULL,NULL,'','YTozOntzOjY6Il90b2tlbiI7czo0MDoiV2ZOY1c0bGkwdWZtNXZ3ZHFJTTFOYVY4SWNEelBOWmJGQ3E3VVFuUSI7czo5OiJfcHJldmlvdXMiO2E6MTp7czozOiJ1cmwiO3M6ODoiaHR0cDovLzoiO31zOjY6Il9mbGFzaCI7YToyOntzOjM6Im9sZCI7YTowOnt9czozOiJuZXciO2E6MDp7fX19',1615119896,'2021-03-07 12:24:58','2021-03-07 12:24:58'),('vjH9KEmP1WbIqouBx22IQvT7sSvlL40ZMPAOTFfb',NULL,NULL,'','YTozOntzOjY6Il90b2tlbiI7czo0MDoiYjVMRExTaXNJMDZxcjJGOEZwYVlBQTVySmVNWkpxNFJsOXRYSDhLVSI7czo5OiJfcHJldmlvdXMiO2E6MTp7czozOiJ1cmwiO3M6ODoiaHR0cDovLzoiO31zOjY6Il9mbGFzaCI7YToyOntzOjM6Im9sZCI7YTowOnt9czozOiJuZXciO2E6MDp7fX19',1615121119,'2021-03-07 12:45:22','2021-03-07 12:45:22'),('VkMqtduIDJRNXvjXL4YW724BMuXNmXDFL400GNup',NULL,NULL,'','YTozOntzOjY6Il90b2tlbiI7czo0MDoiaHBxU3hPMkNWbFlqQVA2Y3pJRnN2V21iWTFWV1hMWm1tejJ3MmNoVyI7czo5OiJfcHJldmlvdXMiO2E6MTp7czozOiJ1cmwiO3M6ODoiaHR0cDovLzoiO31zOjY6Il9mbGFzaCI7YToyOntzOjM6Im9sZCI7YTowOnt9czozOiJuZXciO2E6MDp7fX19',1615118111,'2021-03-07 11:55:13','2021-03-07 11:55:13'),('Vq2z08RUq8XzzYi9SVSUxv2dp5Un1LZGBdQmdOT8',NULL,NULL,'','YTozOntzOjY6Il90b2tlbiI7czo0MDoiOWFvTjFabHc3eGluaHhOVjZLZmhCU2hlVmhRMHhoMFNTRjdncGVYYiI7czo5OiJfcHJldmlvdXMiO2E6MTp7czozOiJ1cmwiO3M6ODoiaHR0cDovLzoiO31zOjY6Il9mbGFzaCI7YToyOntzOjM6Im9sZCI7YTowOnt9czozOiJuZXciO2E6MDp7fX19',1615118894,'2021-03-07 12:08:17','2021-03-07 12:08:17'),('wvXG9Yaodqnogyexhn8pWI8tUrtJhAT9JXhtRdBi',NULL,NULL,'','YTozOntzOjY6Il90b2tlbiI7czo0MDoiN1FoMnJzcU5CWWs4T3NIeU1UQ3pvNlJDMXBQb1lPbVp3NHZadTNLciI7czo5OiJfcHJldmlvdXMiO2E6MTp7czozOiJ1cmwiO3M6ODoiaHR0cDovLzoiO31zOjY6Il9mbGFzaCI7YToyOntzOjM6Im9sZCI7YTowOnt9czozOiJuZXciO2E6MDp7fX19',1615118865,'2021-03-07 12:07:48','2021-03-07 12:07:48'),('x5hOedRvmHjGN86AYnaBs78MvUi0yDc4BgQbIJSi',NULL,NULL,'','YTozOntzOjY6Il90b2tlbiI7czo0MDoiSk9pSEVtMHV5eUxsMTN3MW9vQXN4REoyVWN4N2kwYU93Tmw5S0tOWSI7czo5OiJfcHJldmlvdXMiO2E6MTp7czozOiJ1cmwiO3M6ODoiaHR0cDovLzoiO31zOjY6Il9mbGFzaCI7YToyOntzOjM6Im9sZCI7YTowOnt9czozOiJuZXciO2E6MDp7fX19',1615120917,'2021-03-07 12:41:59','2021-03-07 12:41:59'),('x5wErfrZaBIcMZAFDzcdwGUVp1sve3zQJKYSxE8j',NULL,NULL,'','YTozOntzOjY6Il90b2tlbiI7czo0MDoibHRBTzlhSU1ObTFMV2dvVFM1MnltMEZWdkphZ1ltM001VzRWdHBoVCI7czo5OiJfcHJldmlvdXMiO2E6MTp7czozOiJ1cmwiO3M6ODoiaHR0cDovLzoiO31zOjY6Il9mbGFzaCI7YToyOntzOjM6Im9sZCI7YTowOnt9czozOiJuZXciO2E6MDp7fX19',1615114540,'2021-03-07 10:55:42','2021-03-07 10:55:42'),('X7hlZhCZeDLl7By5IJAoRNUJQwIHvvdzBauAgZic',NULL,NULL,'','YTozOntzOjY6Il90b2tlbiI7czo0MDoidzJoYllhdUR4eVRwT2x2a0o4VUFzNkJCOFlaTk9teWZreGhjdk5xWCI7czo5OiJfcHJldmlvdXMiO2E6MTp7czozOiJ1cmwiO3M6ODoiaHR0cDovLzoiO31zOjY6Il9mbGFzaCI7YToyOntzOjM6Im9sZCI7YTowOnt9czozOiJuZXciO2E6MDp7fX19',1615114349,'2021-03-07 10:52:31','2021-03-07 10:52:31'),('Xa7ytv500kzX7UHMJxz7eZw2QYStIkFqBHqYRLVR',NULL,NULL,'','YTozOntzOjY6Il90b2tlbiI7czo0MDoiRWU1WVk4Zm93dDVCYWhGVFBOTW9TMkZZU05TTGMxVWRBcmNPUVljciI7czo5OiJfcHJldmlvdXMiO2E6MTp7czozOiJ1cmwiO3M6ODoiaHR0cDovLzoiO31zOjY6Il9mbGFzaCI7YToyOntzOjM6Im9sZCI7YTowOnt9czozOiJuZXciO2E6MDp7fX19',1615114589,'2021-03-07 10:56:30','2021-03-07 10:56:30'),('xaaVmwpVFPPUFPVVuLmzv3uJLSxqT3WeLf75bfHe',NULL,NULL,'','YTozOntzOjY6Il90b2tlbiI7czo0MDoiMWhGWFVEbGRpdnBnZDZ2eWZEMTdxbjBYa0RoZnlTdGJmbXcwVnI2cCI7czo5OiJfcHJldmlvdXMiO2E6MTp7czozOiJ1cmwiO3M6ODoiaHR0cDovLzoiO31zOjY6Il9mbGFzaCI7YToyOntzOjM6Im9sZCI7YTowOnt9czozOiJuZXciO2E6MDp7fX19',1615117480,'2021-03-07 11:44:42','2021-03-07 11:44:42'),('xgbIVB8GkmNrAMkFoZD0E7Il8AjEr7s1yYWsMaO9',NULL,NULL,'','YTozOntzOjY6Il90b2tlbiI7czo0MDoiUUxQNXdzemRlS0RKVDByTWdwcm1xbGF4WW12cEM4aG9wTGMxSVRkMiI7czo5OiJfcHJldmlvdXMiO2E6MTp7czozOiJ1cmwiO3M6ODoiaHR0cDovLzoiO31zOjY6Il9mbGFzaCI7YToyOntzOjM6Im9sZCI7YTowOnt9czozOiJuZXciO2E6MDp7fX19',1615120522,'2021-03-07 12:35:25','2021-03-07 12:35:25'),('XJxylYyBeO104pQBeaIqMZxaxV8cG85RU3xWBrKp',NULL,NULL,'','YTozOntzOjY6Il90b2tlbiI7czo0MDoialFKVWJWYXNCSGZTbjZYTGFzRmt4Q2xmQ0pXcFRTNFZLbnFDMlI3ViI7czo5OiJfcHJldmlvdXMiO2E6MTp7czozOiJ1cmwiO3M6ODoiaHR0cDovLzoiO31zOjY6Il9mbGFzaCI7YToyOntzOjM6Im9sZCI7YTowOnt9czozOiJuZXciO2E6MDp7fX19',1615116754,'2021-03-07 11:32:36','2021-03-07 11:32:36'),('xrTe1R1a56n7ml0MHqAyYouz56kuKg9ts7EAsIkW',NULL,NULL,'','YTozOntzOjY6Il90b2tlbiI7czo0MDoiRUpEdVg0SWswbU1tTmRDSEdOdXVCYTRpTkxsWFVLWGYyTG56bEppRCI7czo5OiJfcHJldmlvdXMiO2E6MTp7czozOiJ1cmwiO3M6ODoiaHR0cDovLzoiO31zOjY6Il9mbGFzaCI7YToyOntzOjM6Im9sZCI7YTowOnt9czozOiJuZXciO2E6MDp7fX19',1615119616,'2021-03-07 12:20:18','2021-03-07 12:20:18'),('xYgPLst5VAECGNFhv3yajbD1sNSc5i2GaBU0u3YG',NULL,NULL,'','YTozOntzOjY6Il90b2tlbiI7czo0MDoiaEVBdjlwWkcxd0ZmWllaSGxuN3VWMmp2WXNnb01WYlpzdkR1Zm1kMCI7czo5OiJfcHJldmlvdXMiO2E6MTp7czozOiJ1cmwiO3M6ODoiaHR0cDovLzoiO31zOjY6Il9mbGFzaCI7YToyOntzOjM6Im9sZCI7YTowOnt9czozOiJuZXciO2E6MDp7fX19',1615120570,'2021-03-07 12:36:12','2021-03-07 12:36:12'),('XzT1h74HvjAMnFixpDgvndAHJiuYLauqphYzWthW',NULL,NULL,'','YTozOntzOjY6Il90b2tlbiI7czo0MDoiT0c3bnpzbnBzNGRSS0ZUcUp6NnNlTGpVOFZuM3p3ZDZaUUJKQnlOcCI7czo5OiJfcHJldmlvdXMiO2E6MTp7czozOiJ1cmwiO3M6ODoiaHR0cDovLzoiO31zOjY6Il9mbGFzaCI7YToyOntzOjM6Im9sZCI7YTowOnt9czozOiJuZXciO2E6MDp7fX19',1615117959,'2021-03-07 11:52:42','2021-03-07 11:52:42'),('Y6trIQskRyK6TBdD82vn6cLZEkG3t7MkrB0b3Jb1',NULL,NULL,'','YTozOntzOjY6Il90b2tlbiI7czo0MDoiam5CaHNlRmtkVzh4elU1MzV6YVhiS1hhT2t4aElFRnZjYlFmeWQyYiI7czo5OiJfcHJldmlvdXMiO2E6MTp7czozOiJ1cmwiO3M6ODoiaHR0cDovLzoiO31zOjY6Il9mbGFzaCI7YToyOntzOjM6Im9sZCI7YTowOnt9czozOiJuZXciO2E6MDp7fX19',1615119014,'2021-03-07 12:10:16','2021-03-07 12:10:16'),('ynFH7OOwIsJSQsyuCchdF8O7zmRUEFn4M1kaxuuX',NULL,NULL,'','YTozOntzOjY6Il90b2tlbiI7czo0MDoiSU5ackczWjR4MGx6eUxWMHA1bHlUdG5FYk16dkFpZlZJSlhzV05lVyI7czo5OiJfcHJldmlvdXMiO2E6MTp7czozOiJ1cmwiO3M6ODoiaHR0cDovLzoiO31zOjY6Il9mbGFzaCI7YToyOntzOjM6Im9sZCI7YTowOnt9czozOiJuZXciO2E6MDp7fX19',1615119695,'2021-03-07 12:21:38','2021-03-07 12:21:38'),('yXzePCNRkUQie1bDUBkP0374eSBP1UqKxzA6AtdN',NULL,NULL,'','YTozOntzOjY6Il90b2tlbiI7czo0MDoidk5hNFRkQ29McTZnc2tYT2JERkx3N2FNZTQ4eGlqQkJIaTZNQUJEUyI7czo5OiJfcHJldmlvdXMiO2E6MTp7czozOiJ1cmwiO3M6ODoiaHR0cDovLzoiO31zOjY6Il9mbGFzaCI7YToyOntzOjM6Im9sZCI7YTowOnt9czozOiJuZXciO2E6MDp7fX19',1615120137,'2021-03-07 12:28:59','2021-03-07 12:28:59'),('Z3KGAs4w7zf5b2Bh8AJoia1QTZfa3d6SZpCWc8qh',NULL,NULL,'','YTozOntzOjY6Il90b2tlbiI7czo0MDoidlpRSkpDZWxUWXUweUNrcW9xVDlTVzFvUDBMU3dYcWRWd2FQWmt2USI7czo5OiJfcHJldmlvdXMiO2E6MTp7czozOiJ1cmwiO3M6ODoiaHR0cDovLzoiO31zOjY6Il9mbGFzaCI7YToyOntzOjM6Im9sZCI7YTowOnt9czozOiJuZXciO2E6MDp7fX19',1615120789,'2021-03-07 12:39:51','2021-03-07 12:39:51'),('ZBYA2jzTFKFzL12BPNmdisK7Tm4pA1xPIBmhr5bI',NULL,NULL,'','YTozOntzOjY6Il90b2tlbiI7czo0MDoiYzQ0NlBxeVFLbFpWeXFibUx0Y1BHckpoU2xGRzhyZ3JzeTdMd0J3MSI7czo5OiJfcHJldmlvdXMiO2E6MTp7czozOiJ1cmwiO3M6ODoiaHR0cDovLzoiO31zOjY6Il9mbGFzaCI7YToyOntzOjM6Im9sZCI7YTowOnt9czozOiJuZXciO2E6MDp7fX19',1615114447,'2021-03-07 10:54:09','2021-03-07 10:54:09'),('ZETNDaB0z7rui6fGYPSO60h4iaar3zucAAWhCMx6',NULL,NULL,'','YTozOntzOjY6Il90b2tlbiI7czo0MDoiMExOa0RqRmp1Qk9lS0xuamtMUjh6ZjI3VzBycXhOVDlsdXB2UEM1ZiI7czo5OiJfcHJldmlvdXMiO2E6MTp7czozOiJ1cmwiO3M6ODoiaHR0cDovLzoiO31zOjY6Il9mbGFzaCI7YToyOntzOjM6Im9sZCI7YTowOnt9czozOiJuZXciO2E6MDp7fX19',1615114662,'2021-03-07 10:57:44','2021-03-07 10:57:44'),('zhwzhOTMjQYMBY0od7VlCam5MXeRHtvvrWvSkLs3',NULL,NULL,'','YTozOntzOjY6Il90b2tlbiI7czo0MDoiYnJzaTJ3OENKdndveTF3STZRNFppNFdhTWg4QmJoQkdSejdBdGphRSI7czo5OiJfcHJldmlvdXMiO2E6MTp7czozOiJ1cmwiO3M6ODoiaHR0cDovLzoiO31zOjY6Il9mbGFzaCI7YToyOntzOjM6Im9sZCI7YTowOnt9czozOiJuZXciO2E6MDp7fX19',1615117604,'2021-03-07 11:46:47','2021-03-07 11:46:47'),('zxAFUeqEPp04Y0EFq7UAepEO6t9jEbLFlzTsD2fU',NULL,NULL,'','YTozOntzOjY6Il90b2tlbiI7czo0MDoiRzJaa1NzRm1XQW8zYWw3TlVvSjVQMjNPdWw5eFdBZ3lQNVM1dm43MSI7czo5OiJfcHJldmlvdXMiO2E6MTp7czozOiJ1cmwiO3M6ODoiaHR0cDovLzoiO31zOjY6Il9mbGFzaCI7YToyOntzOjM6Im9sZCI7YTowOnt9czozOiJuZXciO2E6MDp7fX19',1615117445,'2021-03-07 11:44:08','2021-03-07 11:44:08'),('ZZsQilIrbI9Hpke9uLiw2OtxIxXK3c739BZEhjez',NULL,NULL,'','YTozOntzOjY6Il90b2tlbiI7czo0MDoiM1hrMkdCbHV0WkNGb2VwY0dvRkhKS1l2QXRqdjRyWVlNMXZPbGRqbyI7czo5OiJfcHJldmlvdXMiO2E6MTp7czozOiJ1cmwiO3M6ODoiaHR0cDovLzoiO31zOjY6Il9mbGFzaCI7YToyOntzOjM6Im9sZCI7YTowOnt9czozOiJuZXciO2E6MDp7fX19',1615120925,'2021-03-07 12:42:08','2021-03-07 12:42:08');
/*!40000 ALTER TABLE `session` ENABLE KEYS */;
UNLOCK TABLES;
DROP TABLE IF EXISTS `user`;
/*!40101 SET @saved_cs_client     = @@character_set_client */;
/*!40101 SET character_set_client = utf8 */;
CREATE TABLE `user` (
  `id` bigint(20) unsigned NOT NULL AUTO_INCREMENT,
  `name` varchar(30) COLLATE utf8mb4_unicode_ci NOT NULL,
  `email` varchar(191) COLLATE utf8mb4_unicode_ci NOT NULL,
  `password` varchar(191) COLLATE utf8mb4_unicode_ci NOT NULL,
  PRIMARY KEY (`id`),
  UNIQUE KEY `users_email_unique` (`email`)
) ENGINE=InnoDB AUTO_INCREMENT=4 DEFAULT CHARSET=utf8mb4 COLLATE=utf8mb4_unicode_ci;
/*!40101 SET character_set_client = @saved_cs_client */;

LOCK TABLES `user` WRITE;
/*!40000 ALTER TABLE `user` DISABLE KEYS */;
INSERT INTO `user` VALUES (1,'Admin1','admin@gmail.com','$2y$10$CI5AtNLt4t9uPdW0L.I6ceqRcpULcuMmTBOla2IkY/Tfvvah7uMHy'),(2,'Guru 01','guru@gmail.com','$2y$10$s5qb0Dt40BRPSXYAQ4qlb./GQXBT6SS78cye0hRa2xyEcZVkDST1q'),(3,'Andi Izzul Haq, S.kom','kepsek@gmail.com','$2y$10$x9VCaGJah97VEXy21nMXT..jPqas2Dy6qXwyWACZwubaYcY7IPaZW');
/*!40000 ALTER TABLE `user` ENABLE KEYS */;
UNLOCK TABLES;
/*!40103 SET TIME_ZONE=@OLD_TIME_ZONE */;

/*!40101 SET SQL_MODE=@OLD_SQL_MODE */;
/*!40014 SET FOREIGN_KEY_CHECKS=@OLD_FOREIGN_KEY_CHECKS */;
/*!40014 SET UNIQUE_CHECKS=@OLD_UNIQUE_CHECKS */;
/*!40101 SET CHARACTER_SET_CLIENT=@OLD_CHARACTER_SET_CLIENT */;
/*!40101 SET CHARACTER_SET_RESULTS=@OLD_CHARACTER_SET_RESULTS */;
/*!40101 SET COLLATION_CONNECTION=@OLD_COLLATION_CONNECTION */;
/*!40111 SET SQL_NOTES=@OLD_SQL_NOTES */;

