-- MariaDB dump 10.18  Distrib 10.4.17-MariaDB, for Win64 (AMD64)
--
-- Host: localhost    Database: 
-- ------------------------------------------------------
-- Server version	10.4.17-MariaDB

/*!40101 SET @OLD_CHARACTER_SET_CLIENT=@@CHARACTER_SET_CLIENT */;
/*!40101 SET @OLD_CHARACTER_SET_RESULTS=@@CHARACTER_SET_RESULTS */;
/*!40101 SET @OLD_COLLATION_CONNECTION=@@COLLATION_CONNECTION */;
/*!40101 SET NAMES utf8mb4 */;
/*!40103 SET @OLD_TIME_ZONE=@@TIME_ZONE */;
/*!40103 SET TIME_ZONE='+00:00' */;
/*!40014 SET @OLD_UNIQUE_CHECKS=@@UNIQUE_CHECKS, UNIQUE_CHECKS=0 */;
/*!40014 SET @OLD_FOREIGN_KEY_CHECKS=@@FOREIGN_KEY_CHECKS, FOREIGN_KEY_CHECKS=0 */;
/*!40101 SET @OLD_SQL_MODE=@@SQL_MODE, SQL_MODE='NO_AUTO_VALUE_ON_ZERO' */;
/*!40111 SET @OLD_SQL_NOTES=@@SQL_NOTES, SQL_NOTES=0 */;

--
-- Current Database: `akademik_agoy`
--

CREATE DATABASE /*!32312 IF NOT EXISTS*/ `akademik_agoy` /*!40100 DEFAULT CHARACTER SET utf8mb4 */;

USE `akademik_agoy`;

--
-- Table structure for table `absensi`
--

DROP TABLE IF EXISTS `absensi`;
/*!40101 SET @saved_cs_client     = @@character_set_client */;
/*!40101 SET character_set_client = utf8 */;
CREATE TABLE `absensi` (
  `id` int(11) NOT NULL AUTO_INCREMENT,
  `mapel_detail_id` int(11) NOT NULL,
  `tanggal` date NOT NULL,
  PRIMARY KEY (`id`),
  KEY `mapel_detail_id` (`mapel_detail_id`),
  CONSTRAINT `absensi_ibfk_1` FOREIGN KEY (`mapel_detail_id`) REFERENCES `mapel_details` (`id`) ON DELETE CASCADE ON UPDATE CASCADE
) ENGINE=InnoDB AUTO_INCREMENT=2 DEFAULT CHARSET=utf8mb4;
/*!40101 SET character_set_client = @saved_cs_client */;

--
-- Dumping data for table `absensi`
--

LOCK TABLES `absensi` WRITE;
/*!40000 ALTER TABLE `absensi` DISABLE KEYS */;
INSERT INTO `absensi` VALUES (1,7,'2022-05-25');
/*!40000 ALTER TABLE `absensi` ENABLE KEYS */;
UNLOCK TABLES;

--
-- Table structure for table `absensi_details`
--

DROP TABLE IF EXISTS `absensi_details`;
/*!40101 SET @saved_cs_client     = @@character_set_client */;
/*!40101 SET character_set_client = utf8 */;
CREATE TABLE `absensi_details` (
  `id` int(11) NOT NULL AUTO_INCREMENT,
  `absensi_id` int(11) NOT NULL,
  `user_id` bigint(20) unsigned NOT NULL,
  `status` enum('Hadir','Tidak Hadir','Izin') NOT NULL DEFAULT 'Hadir',
  PRIMARY KEY (`id`),
  KEY `absensi_id` (`absensi_id`),
  KEY `user_id` (`user_id`),
  CONSTRAINT `absensi_details_ibfk_1` FOREIGN KEY (`absensi_id`) REFERENCES `absensi` (`id`) ON DELETE CASCADE ON UPDATE CASCADE,
  CONSTRAINT `absensi_details_ibfk_2` FOREIGN KEY (`user_id`) REFERENCES `users` (`id`) ON DELETE CASCADE ON UPDATE CASCADE
) ENGINE=InnoDB AUTO_INCREMENT=29 DEFAULT CHARSET=utf8mb4;
/*!40101 SET character_set_client = @saved_cs_client */;

--
-- Dumping data for table `absensi_details`
--

LOCK TABLES `absensi_details` WRITE;
/*!40000 ALTER TABLE `absensi_details` DISABLE KEYS */;
INSERT INTO `absensi_details` VALUES (1,1,342,'Hadir'),(2,1,343,'Hadir'),(3,1,344,'Hadir'),(4,1,345,'Hadir'),(5,1,346,'Hadir'),(6,1,347,'Hadir'),(7,1,348,'Hadir'),(8,1,349,'Hadir'),(9,1,350,'Hadir'),(10,1,351,'Hadir'),(11,1,352,'Hadir'),(12,1,353,'Hadir'),(13,1,354,'Hadir'),(14,1,355,'Hadir'),(15,1,356,'Hadir'),(16,1,357,'Hadir'),(17,1,358,'Hadir'),(18,1,359,'Hadir'),(19,1,360,'Hadir'),(20,1,361,'Hadir'),(21,1,362,'Hadir'),(22,1,363,'Hadir'),(23,1,364,'Hadir'),(24,1,365,'Hadir'),(25,1,366,'Hadir'),(26,1,367,'Hadir'),(27,1,368,'Hadir'),(28,1,369,'Hadir');
/*!40000 ALTER TABLE `absensi_details` ENABLE KEYS */;
UNLOCK TABLES;

--
-- Table structure for table `informasis`
--

DROP TABLE IF EXISTS `informasis`;
/*!40101 SET @saved_cs_client     = @@character_set_client */;
/*!40101 SET character_set_client = utf8 */;
CREATE TABLE `informasis` (
  `id` bigint(20) unsigned NOT NULL AUTO_INCREMENT,
  `user_id` bigint(20) unsigned NOT NULL,
  `judul` varchar(50) COLLATE utf8mb4_unicode_ci NOT NULL,
  `deskripsi` varchar(255) COLLATE utf8mb4_unicode_ci NOT NULL,
  `foto` varchar(255) COLLATE utf8mb4_unicode_ci DEFAULT NULL,
  `created_at` timestamp NULL DEFAULT NULL,
  `updated_at` timestamp NULL DEFAULT NULL,
  PRIMARY KEY (`id`),
  KEY `user_id` (`user_id`),
  CONSTRAINT `informasis_ibfk_1` FOREIGN KEY (`user_id`) REFERENCES `users` (`id`) ON DELETE CASCADE ON UPDATE CASCADE
) ENGINE=InnoDB AUTO_INCREMENT=16 DEFAULT CHARSET=utf8mb4 COLLATE=utf8mb4_unicode_ci;
/*!40101 SET character_set_client = @saved_cs_client */;

--
-- Dumping data for table `informasis`
--

LOCK TABLES `informasis` WRITE;
/*!40000 ALTER TABLE `informasis` DISABLE KEYS */;
INSERT INTO `informasis` VALUES (11,1,'Jadwal ulangan','<p>Ulangan dilaksanakan minggu depan</p>','[\"foto\\/capture_20200319105631.png\"]','2021-01-26 16:46:12','2021-02-05 13:44:15'),(14,1,'Informasi 2','<p>jlkjlsdfsd fsdf sdf sd</p>','[\"foto\\/avatar.png\"]','2021-02-05 16:00:41','2021-02-05 16:00:41'),(15,179,'jadwal ualngan','<p>ulangan akan diakan minggu depan</p>',NULL,'2021-02-17 05:35:06','2021-02-17 05:35:06');
/*!40000 ALTER TABLE `informasis` ENABLE KEYS */;
UNLOCK TABLES;

--
-- Table structure for table `jadwals`
--

DROP TABLE IF EXISTS `jadwals`;
/*!40101 SET @saved_cs_client     = @@character_set_client */;
/*!40101 SET character_set_client = utf8 */;
CREATE TABLE `jadwals` (
  `id` bigint(20) unsigned NOT NULL AUTO_INCREMENT,
  `mapel_detail_id` int(11) NOT NULL,
  `hari` enum('Senin','Selasa','Rabu','Kamis','Jum`at','Sabtu','Minggu') COLLATE utf8mb4_unicode_ci DEFAULT NULL,
  `dari_jam` varchar(5) COLLATE utf8mb4_unicode_ci NOT NULL,
  `sampai_jam` varchar(5) COLLATE utf8mb4_unicode_ci NOT NULL,
  `status` enum('Incoming','On Schedule','Cancell') COLLATE utf8mb4_unicode_ci NOT NULL DEFAULT 'On Schedule',
  `created_at` timestamp NOT NULL DEFAULT current_timestamp(),
  `updated_at` timestamp NOT NULL DEFAULT current_timestamp(),
  PRIMARY KEY (`id`),
  KEY `mapel_detail_id` (`mapel_detail_id`),
  CONSTRAINT `jadwals_ibfk_1` FOREIGN KEY (`mapel_detail_id`) REFERENCES `mapel_details` (`id`) ON DELETE CASCADE ON UPDATE CASCADE
) ENGINE=InnoDB AUTO_INCREMENT=13 DEFAULT CHARSET=utf8mb4 COLLATE=utf8mb4_unicode_ci;
/*!40101 SET character_set_client = @saved_cs_client */;

--
-- Dumping data for table `jadwals`
--

LOCK TABLES `jadwals` WRITE;
/*!40000 ALTER TABLE `jadwals` DISABLE KEYS */;
INSERT INTO `jadwals` VALUES (2,7,'Senin','7','9','On Schedule','2021-02-17 05:05:44','2021-02-25 02:16:28'),(7,11,'Senin','10','11','On Schedule','2021-02-17 14:33:22','2021-02-17 14:33:22'),(8,102,'Senin','11','12','On Schedule','2021-02-17 14:34:37','2021-02-17 14:34:37'),(9,74,'Selasa','7','8','Incoming','2021-02-17 14:35:33','2021-02-17 14:35:33'),(10,148,'Selasa','8','10','Incoming','2021-02-17 14:36:02','2021-02-17 14:37:29'),(11,135,'Selasa','11','12','Incoming','2021-02-17 14:37:04','2021-02-17 14:37:04');
/*!40000 ALTER TABLE `jadwals` ENABLE KEYS */;
UNLOCK TABLES;

--
-- Table structure for table `kelass`
--

DROP TABLE IF EXISTS `kelass`;
/*!40101 SET @saved_cs_client     = @@character_set_client */;
/*!40101 SET character_set_client = utf8 */;
CREATE TABLE `kelass` (
  `id` bigint(20) unsigned NOT NULL AUTO_INCREMENT,
  `wali_kelas` bigint(20) unsigned DEFAULT NULL,
  `ketua_kelas` bigint(20) unsigned DEFAULT NULL,
  `nama` varchar(30) COLLATE utf8mb4_unicode_ci NOT NULL,
  `ruang` varchar(10) COLLATE utf8mb4_unicode_ci NOT NULL,
  `created_at` timestamp NULL DEFAULT NULL,
  `updated_at` timestamp NULL DEFAULT NULL,
  PRIMARY KEY (`id`),
  KEY `kelass_wali_kelas_foreign` (`wali_kelas`),
  KEY `kelass_ketua_kelas_foreign` (`ketua_kelas`),
  CONSTRAINT `kelass_ketua_kelas_foreign` FOREIGN KEY (`ketua_kelas`) REFERENCES `users` (`id`) ON DELETE CASCADE,
  CONSTRAINT `kelass_wali_kelas_foreign` FOREIGN KEY (`wali_kelas`) REFERENCES `users` (`id`) ON DELETE CASCADE
) ENGINE=InnoDB AUTO_INCREMENT=29 DEFAULT CHARSET=utf8mb4 COLLATE=utf8mb4_unicode_ci;
/*!40101 SET character_set_client = @saved_cs_client */;

--
-- Dumping data for table `kelass`
--

LOCK TABLES `kelass` WRITE;
/*!40000 ALTER TABLE `kelass` DISABLE KEYS */;
INSERT INTO `kelass` VALUES (4,178,NULL,'VII.1','R-6','2020-08-28 19:11:42','2021-02-17 03:38:16'),(5,180,NULL,'VII.2','R-7','2020-08-28 19:11:42','2021-02-17 03:38:52'),(6,194,NULL,'VII.3','R-8','2020-08-28 19:12:20','2021-02-17 03:39:16'),(7,181,NULL,'VII.4','R-9','2020-08-28 19:13:49','2021-02-17 03:39:05'),(8,186,NULL,'VII.4','R-10','2020-08-28 19:11:42','2021-02-17 03:39:34'),(9,184,NULL,'VII.5','R-11','2020-08-28 19:12:20','2021-02-17 03:39:57'),(11,196,NULL,'VII.6','R-12','2020-08-28 19:13:49','2021-02-17 03:42:09'),(12,203,NULL,'VIII.1','R-13','2020-08-28 19:14:20','2021-02-17 03:42:35'),(13,191,NULL,'VII.2','R-14','2020-08-28 19:14:48','2021-02-17 03:43:34'),(14,201,NULL,'VIII.2','R-15','2020-08-28 19:19:44','2021-02-17 03:44:28'),(15,199,NULL,'VIII.3','R-16','2020-08-28 19:20:21','2021-02-17 03:44:56'),(16,187,NULL,'VIII.4','R-17','2020-08-28 19:20:47','2021-02-17 03:45:25'),(17,183,NULL,'VIII.5','R-18','2020-08-28 19:21:19','2021-02-17 03:45:45'),(19,192,NULL,'IX.1','R-1','2020-08-28 19:22:27','2021-02-17 03:46:20'),(24,189,NULL,'IX.2','R-2','2021-01-26 11:50:07','2021-02-17 03:47:32'),(25,198,NULL,'IX.3','R-3','2021-01-26 11:51:13','2021-02-17 03:48:27'),(26,188,NULL,'IX.4','R-4','2021-01-26 11:52:32','2021-02-17 03:49:05'),(27,200,NULL,'IX.5','R-5','2021-01-26 11:54:22','2021-02-17 03:49:26'),(28,190,NULL,'IX.6','R-6','2021-01-26 11:55:46','2021-02-17 03:50:10');
/*!40000 ALTER TABLE `kelass` ENABLE KEYS */;
UNLOCK TABLES;

--
-- Table structure for table `komentars`
--

DROP TABLE IF EXISTS `komentars`;
/*!40101 SET @saved_cs_client     = @@character_set_client */;
/*!40101 SET character_set_client = utf8 */;
CREATE TABLE `komentars` (
  `id` int(11) NOT NULL AUTO_INCREMENT,
  `user_id` bigint(20) unsigned NOT NULL,
  `informasi_id` bigint(20) unsigned NOT NULL,
  `isi` varchar(255) COLLATE utf8mb4_unicode_ci NOT NULL,
  `created_at` timestamp NOT NULL DEFAULT current_timestamp(),
  `updated_at` timestamp NOT NULL DEFAULT current_timestamp(),
  PRIMARY KEY (`id`),
  KEY `user_id` (`user_id`),
  KEY `informasi_id` (`informasi_id`),
  CONSTRAINT `komentars_ibfk_1` FOREIGN KEY (`informasi_id`) REFERENCES `informasis` (`id`) ON DELETE CASCADE ON UPDATE CASCADE,
  CONSTRAINT `komentars_ibfk_2` FOREIGN KEY (`user_id`) REFERENCES `users` (`id`) ON DELETE CASCADE ON UPDATE CASCADE
) ENGINE=InnoDB DEFAULT CHARSET=utf8mb4 COLLATE=utf8mb4_unicode_ci;
/*!40101 SET character_set_client = @saved_cs_client */;

--
-- Dumping data for table `komentars`
--

LOCK TABLES `komentars` WRITE;
/*!40000 ALTER TABLE `komentars` DISABLE KEYS */;
/*!40000 ALTER TABLE `komentars` ENABLE KEYS */;
UNLOCK TABLES;

--
-- Table structure for table `mapel_details`
--

DROP TABLE IF EXISTS `mapel_details`;
/*!40101 SET @saved_cs_client     = @@character_set_client */;
/*!40101 SET character_set_client = utf8 */;
CREATE TABLE `mapel_details` (
  `id` int(11) NOT NULL AUTO_INCREMENT,
  `mapel_id` bigint(20) unsigned DEFAULT NULL,
  `kelas_id` bigint(20) unsigned DEFAULT NULL,
  `user_id` bigint(20) unsigned DEFAULT NULL,
  PRIMARY KEY (`id`),
  KEY `mapel_id` (`mapel_id`),
  KEY `mapel_details_ibfk_1` (`kelas_id`),
  KEY `user_id` (`user_id`),
  CONSTRAINT `mapel_details_ibfk_1` FOREIGN KEY (`kelas_id`) REFERENCES `kelass` (`id`) ON DELETE CASCADE,
  CONSTRAINT `mapel_details_ibfk_2` FOREIGN KEY (`mapel_id`) REFERENCES `mapels` (`id`) ON DELETE CASCADE,
  CONSTRAINT `mapel_details_ibfk_3` FOREIGN KEY (`user_id`) REFERENCES `users` (`id`) ON DELETE CASCADE
) ENGINE=InnoDB AUTO_INCREMENT=151 DEFAULT CHARSET=utf8mb4 COLLATE=utf8mb4_unicode_ci;
/*!40101 SET character_set_client = @saved_cs_client */;

--
-- Dumping data for table `mapel_details`
--

LOCK TABLES `mapel_details` WRITE;
/*!40000 ALTER TABLE `mapel_details` DISABLE KEYS */;
INSERT INTO `mapel_details` VALUES (7,14,9,186),(11,15,9,187),(35,17,9,193),(74,13,9,191),(102,3,9,178),(119,2,9,185),(135,1,9,194),(148,18,9,195),(149,4,9,181);
/*!40000 ALTER TABLE `mapel_details` ENABLE KEYS */;
UNLOCK TABLES;

--
-- Table structure for table `mapels`
--

DROP TABLE IF EXISTS `mapels`;
/*!40101 SET @saved_cs_client     = @@character_set_client */;
/*!40101 SET character_set_client = utf8 */;
CREATE TABLE `mapels` (
  `id` bigint(20) unsigned NOT NULL AUTO_INCREMENT,
  `nama` varchar(30) COLLATE utf8mb4_unicode_ci NOT NULL,
  `kelompok` enum('A','B','C','') COLLATE utf8mb4_unicode_ci NOT NULL,
  `created_at` timestamp NULL DEFAULT NULL,
  `updated_at` timestamp NULL DEFAULT NULL,
  PRIMARY KEY (`id`)
) ENGINE=InnoDB AUTO_INCREMENT=20 DEFAULT CHARSET=utf8mb4 COLLATE=utf8mb4_unicode_ci;
/*!40101 SET character_set_client = @saved_cs_client */;

--
-- Dumping data for table `mapels`
--

LOCK TABLES `mapels` WRITE;
/*!40000 ALTER TABLE `mapels` DISABLE KEYS */;
INSERT INTO `mapels` VALUES (1,'IPA','A','2020-08-28 23:35:09','2021-01-26 14:38:51'),(2,'IPS','A','2020-08-28 23:36:07','2021-01-26 14:39:19'),(3,'Bahasa Indonesia','A','2020-08-28 23:38:09','2020-08-28 23:38:09'),(4,'Seni Budaya','B','2020-08-29 07:20:59','2021-01-26 14:45:36'),(13,'Penjas','B','2021-01-25 14:27:41','2021-01-26 14:45:11'),(14,'Bahasa Inggris','A','2021-01-26 14:46:14','2021-01-26 14:46:14'),(15,'Matematika','A','2021-01-26 14:46:42','2021-01-26 14:46:42'),(17,'Prakarya','B','2021-02-05 16:14:14','2021-02-17 04:27:46'),(18,'Pendidikan Agama','A','2021-02-17 04:18:39','2021-02-17 04:18:39');
/*!40000 ALTER TABLE `mapels` ENABLE KEYS */;
UNLOCK TABLES;

--
-- Table structure for table `migrations`
--

DROP TABLE IF EXISTS `migrations`;
/*!40101 SET @saved_cs_client     = @@character_set_client */;
/*!40101 SET character_set_client = utf8 */;
CREATE TABLE `migrations` (
  `id` int(10) unsigned NOT NULL AUTO_INCREMENT,
  `migration` varchar(191) COLLATE utf8mb4_unicode_ci NOT NULL,
  `batch` int(11) NOT NULL,
  PRIMARY KEY (`id`)
) ENGINE=InnoDB AUTO_INCREMENT=22 DEFAULT CHARSET=utf8mb4 COLLATE=utf8mb4_unicode_ci;
/*!40101 SET character_set_client = @saved_cs_client */;

--
-- Dumping data for table `migrations`
--

LOCK TABLES `migrations` WRITE;
/*!40000 ALTER TABLE `migrations` DISABLE KEYS */;
INSERT INTO `migrations` VALUES (1,'2021_02_06_151534_create_informasis_table',1),(2,'2021_02_06_151534_create_jadwals_table',1),(3,'2021_02_06_151534_create_kelass_table',1),(4,'2021_02_06_151534_create_komentars_table',1),(5,'2021_02_06_151534_create_mapel_details_table',1),(6,'2021_02_06_151534_create_mapels_table',1),(7,'2021_02_06_151534_create_nilai_details_table',1),(8,'2021_02_06_151534_create_nilais_table',1),(9,'2021_02_06_151534_create_password_resets_table',1),(10,'2021_02_06_151534_create_raports_table',1),(11,'2021_02_06_151534_create_sekolahs_table',1),(12,'2021_02_06_151534_create_users_table',1),(13,'2021_02_06_151614_add_foreign_keys_to_informasis_table',1),(14,'2021_02_06_151614_add_foreign_keys_to_jadwals_table',1),(15,'2021_02_06_151614_add_foreign_keys_to_kelass_table',1),(16,'2021_02_06_151614_add_foreign_keys_to_komentars_table',1),(17,'2021_02_06_151614_add_foreign_keys_to_mapel_details_table',1),(18,'2021_02_06_151614_add_foreign_keys_to_nilai_details_table',1),(19,'2021_02_06_151614_add_foreign_keys_to_nilais_table',1),(20,'2021_02_06_151614_add_foreign_keys_to_raports_table',1),(21,'2021_02_06_151614_add_foreign_keys_to_users_table',1);
/*!40000 ALTER TABLE `migrations` ENABLE KEYS */;
UNLOCK TABLES;

--
-- Table structure for table `nilai_details`
--

DROP TABLE IF EXISTS `nilai_details`;
/*!40101 SET @saved_cs_client     = @@character_set_client */;
/*!40101 SET character_set_client = utf8 */;
CREATE TABLE `nilai_details` (
  `id` bigint(20) unsigned NOT NULL AUTO_INCREMENT,
  `nilai_id` bigint(20) unsigned NOT NULL,
  `user_id` bigint(20) unsigned NOT NULL,
  `angka_kl_3` double DEFAULT NULL,
  `predikat_kl_3` enum('A','A-','B+','B','B-','C+','C','C-','D+','D') COLLATE utf8mb4_unicode_ci DEFAULT NULL,
  `angka_kl_4` double DEFAULT NULL,
  `predikat_kl_4` enum('A','A-','B+','B','B-','C+','C','C-','D+','D') COLLATE utf8mb4_unicode_ci DEFAULT NULL,
  `dalam_mapel_kl_1_kl_2` enum('SB','B','C','K') COLLATE utf8mb4_unicode_ci DEFAULT NULL,
  `created_at` timestamp NOT NULL DEFAULT current_timestamp(),
  `updated_at` timestamp NOT NULL DEFAULT current_timestamp(),
  PRIMARY KEY (`id`),
  KEY `nilai_id` (`nilai_id`),
  KEY `nilai_details_ibfk_2` (`user_id`),
  CONSTRAINT `nilai_details_ibfk_1` FOREIGN KEY (`nilai_id`) REFERENCES `nilais` (`id`) ON DELETE CASCADE ON UPDATE CASCADE,
  CONSTRAINT `nilai_details_ibfk_2` FOREIGN KEY (`user_id`) REFERENCES `users` (`id`) ON DELETE CASCADE ON UPDATE CASCADE
) ENGINE=InnoDB AUTO_INCREMENT=13 DEFAULT CHARSET=utf8mb4 COLLATE=utf8mb4_unicode_ci;
/*!40101 SET character_set_client = @saved_cs_client */;

--
-- Dumping data for table `nilai_details`
--

LOCK TABLES `nilai_details` WRITE;
/*!40000 ALTER TABLE `nilai_details` DISABLE KEYS */;
INSERT INTO `nilai_details` VALUES (1,3,218,3,'B',4,'A','B','2021-02-17 06:35:32','2021-02-17 06:35:32'),(3,4,218,3,'B',3,'B','B','2021-02-17 14:50:22','2021-02-17 14:50:22'),(4,5,218,4,'A',4,'A','SB','2021-02-17 14:53:37','2021-02-17 14:53:37'),(5,6,218,4,'A',3,'B','SB','2021-02-17 14:56:08','2021-02-17 14:56:08'),(7,7,218,4,'A',4,'A','SB','2021-02-17 15:02:49','2021-02-17 15:02:49'),(8,8,218,4,'A',4,'A','SB','2021-02-17 15:05:51','2021-02-17 15:05:51'),(9,9,218,3,'B',4,'A','SB','2021-02-17 15:07:36','2021-02-17 15:07:36'),(10,10,218,4,'A',4,'A','SB','2021-02-17 15:10:05','2021-02-17 15:10:05'),(11,11,218,3,'B',4,'A','SB','2021-02-17 15:12:29','2021-02-17 15:12:29'),(12,12,218,3,'B',4,'A','SB','2021-02-25 10:01:16','2021-02-25 10:01:16');
/*!40000 ALTER TABLE `nilai_details` ENABLE KEYS */;
UNLOCK TABLES;

--
-- Table structure for table `nilais`
--

DROP TABLE IF EXISTS `nilais`;
/*!40101 SET @saved_cs_client     = @@character_set_client */;
/*!40101 SET character_set_client = utf8 */;
CREATE TABLE `nilais` (
  `id` bigint(20) unsigned NOT NULL AUTO_INCREMENT,
  `mapel_detail_id` int(11) NOT NULL,
  `tahun` smallint(6) NOT NULL,
  `semester` enum('1','2') COLLATE utf8mb4_unicode_ci NOT NULL,
  PRIMARY KEY (`id`),
  KEY `mapel_detail_id` (`mapel_detail_id`),
  CONSTRAINT `nilais_ibfk_1` FOREIGN KEY (`mapel_detail_id`) REFERENCES `mapel_details` (`id`) ON DELETE CASCADE ON UPDATE CASCADE
) ENGINE=InnoDB AUTO_INCREMENT=13 DEFAULT CHARSET=utf8mb4 COLLATE=utf8mb4_unicode_ci;
/*!40101 SET character_set_client = @saved_cs_client */;

--
-- Dumping data for table `nilais`
--

LOCK TABLES `nilais` WRITE;
/*!40000 ALTER TABLE `nilais` DISABLE KEYS */;
INSERT INTO `nilais` VALUES (3,11,2021,'1'),(4,135,2021,'1'),(5,119,2021,'1'),(6,102,2021,'1'),(7,149,2021,'1'),(8,74,2021,'1'),(9,7,2021,'1'),(10,35,2021,'1'),(11,148,2021,'1'),(12,11,2020,'2');
/*!40000 ALTER TABLE `nilais` ENABLE KEYS */;
UNLOCK TABLES;

--
-- Table structure for table `password_resets`
--

DROP TABLE IF EXISTS `password_resets`;
/*!40101 SET @saved_cs_client     = @@character_set_client */;
/*!40101 SET character_set_client = utf8 */;
CREATE TABLE `password_resets` (
  `email` varchar(191) COLLATE utf8mb4_unicode_ci NOT NULL,
  `token` varchar(191) COLLATE utf8mb4_unicode_ci NOT NULL,
  `created_at` timestamp NULL DEFAULT NULL,
  KEY `password_resets_email_index` (`email`)
) ENGINE=InnoDB DEFAULT CHARSET=utf8mb4 COLLATE=utf8mb4_unicode_ci;
/*!40101 SET character_set_client = @saved_cs_client */;

--
-- Dumping data for table `password_resets`
--

LOCK TABLES `password_resets` WRITE;
/*!40000 ALTER TABLE `password_resets` DISABLE KEYS */;
/*!40000 ALTER TABLE `password_resets` ENABLE KEYS */;
UNLOCK TABLES;

--
-- Table structure for table `raports`
--

DROP TABLE IF EXISTS `raports`;
/*!40101 SET @saved_cs_client     = @@character_set_client */;
/*!40101 SET character_set_client = utf8 */;
CREATE TABLE `raports` (
  `id` bigint(20) unsigned NOT NULL AUTO_INCREMENT,
  `user_id` bigint(20) unsigned NOT NULL,
  `tahun` smallint(6) NOT NULL,
  `semester` tinyint(4) NOT NULL,
  `status` enum('Sudah Diberikan','Belum Diberikan') COLLATE utf8mb4_unicode_ci NOT NULL DEFAULT 'Belum Diberikan',
  PRIMARY KEY (`id`),
  KEY `user_id` (`user_id`),
  CONSTRAINT `raports_ibfk_1` FOREIGN KEY (`user_id`) REFERENCES `users` (`id`) ON DELETE CASCADE ON UPDATE CASCADE
) ENGINE=InnoDB AUTO_INCREMENT=395 DEFAULT CHARSET=utf8mb4 COLLATE=utf8mb4_unicode_ci;
/*!40101 SET character_set_client = @saved_cs_client */;

--
-- Dumping data for table `raports`
--

LOCK TABLES `raports` WRITE;
/*!40000 ALTER TABLE `raports` DISABLE KEYS */;
INSERT INTO `raports` VALUES (1,218,2021,1,'Sudah Diberikan'),(2,229,2021,1,'Belum Diberikan'),(3,245,2021,1,'Belum Diberikan'),(4,252,2021,1,'Belum Diberikan'),(5,253,2021,1,'Belum Diberikan'),(6,255,2021,1,'Belum Diberikan'),(7,256,2021,1,'Belum Diberikan'),(8,258,2021,1,'Belum Diberikan'),(9,261,2021,1,'Belum Diberikan'),(10,262,2021,1,'Belum Diberikan'),(11,267,2021,1,'Belum Diberikan'),(12,272,2021,1,'Belum Diberikan'),(13,273,2021,1,'Belum Diberikan'),(14,276,2021,1,'Belum Diberikan'),(15,278,2021,1,'Belum Diberikan'),(16,282,2021,1,'Belum Diberikan'),(17,286,2021,1,'Belum Diberikan'),(18,298,2021,1,'Belum Diberikan'),(19,303,2021,1,'Belum Diberikan'),(20,317,2021,1,'Belum Diberikan'),(21,322,2021,1,'Belum Diberikan'),(22,333,2021,1,'Belum Diberikan'),(23,334,2021,1,'Belum Diberikan'),(24,340,2021,1,'Belum Diberikan'),(25,341,2021,1,'Belum Diberikan'),(26,345,2021,1,'Belum Diberikan'),(27,350,2021,1,'Belum Diberikan'),(28,352,2021,1,'Belum Diberikan'),(29,363,2021,1,'Belum Diberikan'),(30,375,2021,1,'Belum Diberikan'),(31,380,2021,1,'Belum Diberikan'),(32,397,2021,1,'Belum Diberikan'),(33,402,2021,1,'Belum Diberikan'),(34,423,2021,1,'Belum Diberikan'),(35,424,2021,1,'Belum Diberikan'),(36,425,2021,1,'Belum Diberikan'),(37,428,2021,1,'Belum Diberikan'),(38,429,2021,1,'Belum Diberikan'),(39,433,2021,1,'Belum Diberikan'),(40,434,2021,1,'Belum Diberikan'),(41,435,2021,1,'Belum Diberikan'),(42,436,2021,1,'Belum Diberikan'),(43,437,2021,1,'Belum Diberikan'),(44,450,2021,1,'Belum Diberikan'),(45,454,2021,1,'Belum Diberikan'),(46,456,2021,1,'Belum Diberikan'),(47,458,2021,1,'Belum Diberikan'),(48,463,2021,1,'Belum Diberikan'),(49,470,2021,1,'Belum Diberikan'),(50,477,2021,1,'Belum Diberikan'),(51,483,2021,1,'Belum Diberikan'),(52,493,2021,1,'Belum Diberikan'),(53,497,2021,1,'Belum Diberikan'),(54,510,2021,1,'Belum Diberikan'),(55,512,2021,1,'Belum Diberikan'),(56,519,2021,1,'Belum Diberikan'),(57,523,2021,1,'Belum Diberikan'),(58,524,2021,1,'Belum Diberikan'),(59,528,2021,1,'Belum Diberikan'),(60,532,2021,1,'Belum Diberikan'),(61,538,2021,1,'Belum Diberikan'),(62,544,2021,1,'Belum Diberikan'),(63,551,2021,1,'Belum Diberikan'),(64,554,2021,1,'Belum Diberikan'),(65,562,2021,1,'Belum Diberikan'),(66,572,2021,1,'Belum Diberikan'),(67,573,2021,1,'Belum Diberikan'),(68,574,2021,1,'Belum Diberikan'),(69,581,2021,1,'Belum Diberikan'),(70,582,2021,1,'Belum Diberikan'),(71,583,2021,1,'Belum Diberikan'),(72,585,2021,1,'Belum Diberikan'),(73,589,2021,1,'Belum Diberikan'),(74,594,2021,1,'Belum Diberikan'),(75,595,2021,1,'Belum Diberikan'),(76,596,2021,1,'Belum Diberikan'),(77,600,2021,1,'Belum Diberikan'),(78,602,2021,1,'Belum Diberikan'),(79,607,2021,1,'Belum Diberikan'),(80,611,2021,1,'Belum Diberikan'),(81,617,2021,1,'Belum Diberikan'),(82,618,2021,1,'Belum Diberikan'),(83,628,2021,1,'Belum Diberikan'),(84,631,2021,1,'Belum Diberikan'),(85,633,2021,1,'Belum Diberikan'),(86,636,2021,1,'Belum Diberikan'),(87,640,2021,1,'Belum Diberikan'),(88,641,2021,1,'Belum Diberikan'),(89,646,2021,1,'Belum Diberikan'),(90,651,2021,1,'Belum Diberikan'),(91,653,2021,1,'Belum Diberikan'),(92,654,2021,1,'Belum Diberikan'),(93,655,2021,1,'Belum Diberikan'),(94,659,2021,1,'Belum Diberikan'),(95,661,2021,1,'Belum Diberikan'),(96,664,2021,1,'Belum Diberikan'),(97,672,2021,1,'Belum Diberikan'),(98,674,2021,1,'Belum Diberikan'),(99,675,2021,1,'Belum Diberikan'),(100,678,2021,1,'Belum Diberikan'),(101,680,2021,1,'Belum Diberikan'),(102,688,2021,1,'Belum Diberikan'),(103,706,2021,1,'Belum Diberikan'),(104,707,2021,1,'Belum Diberikan'),(105,708,2021,1,'Belum Diberikan'),(106,220,2021,1,'Belum Diberikan'),(107,221,2021,1,'Belum Diberikan'),(108,222,2021,1,'Belum Diberikan'),(109,223,2021,1,'Belum Diberikan'),(110,234,2021,1,'Belum Diberikan'),(111,238,2021,1,'Belum Diberikan'),(112,243,2021,1,'Belum Diberikan'),(113,249,2021,1,'Belum Diberikan'),(114,250,2021,1,'Belum Diberikan'),(115,251,2021,1,'Belum Diberikan'),(116,264,2021,1,'Belum Diberikan'),(117,268,2021,1,'Belum Diberikan'),(118,270,2021,1,'Belum Diberikan'),(119,275,2021,1,'Belum Diberikan'),(120,287,2021,1,'Belum Diberikan'),(121,288,2021,1,'Belum Diberikan'),(122,289,2021,1,'Belum Diberikan'),(123,293,2021,1,'Belum Diberikan'),(124,297,2021,1,'Belum Diberikan'),(125,299,2021,1,'Belum Diberikan'),(126,302,2021,1,'Belum Diberikan'),(127,307,2021,1,'Belum Diberikan'),(128,313,2021,1,'Belum Diberikan'),(129,316,2021,1,'Belum Diberikan'),(130,318,2021,1,'Belum Diberikan'),(131,320,2021,1,'Belum Diberikan'),(132,325,2021,1,'Belum Diberikan'),(133,335,2021,1,'Belum Diberikan'),(134,349,2021,1,'Belum Diberikan'),(135,357,2021,1,'Belum Diberikan'),(136,358,2021,1,'Belum Diberikan'),(137,367,2021,1,'Belum Diberikan'),(138,370,2021,1,'Belum Diberikan'),(139,378,2021,1,'Belum Diberikan'),(140,382,2021,1,'Belum Diberikan'),(141,383,2021,1,'Belum Diberikan'),(142,386,2021,1,'Belum Diberikan'),(143,387,2021,1,'Belum Diberikan'),(144,389,2021,1,'Belum Diberikan'),(145,396,2021,1,'Belum Diberikan'),(146,403,2021,1,'Belum Diberikan'),(147,405,2021,1,'Belum Diberikan'),(148,411,2021,1,'Belum Diberikan'),(149,413,2021,1,'Belum Diberikan'),(150,415,2021,1,'Belum Diberikan'),(151,418,2021,1,'Belum Diberikan'),(152,419,2021,1,'Belum Diberikan'),(153,422,2021,1,'Belum Diberikan'),(154,438,2021,1,'Belum Diberikan'),(155,443,2021,1,'Belum Diberikan'),(156,447,2021,1,'Belum Diberikan'),(157,451,2021,1,'Belum Diberikan'),(158,453,2021,1,'Belum Diberikan'),(159,462,2021,1,'Belum Diberikan'),(160,465,2021,1,'Belum Diberikan'),(161,466,2021,1,'Belum Diberikan'),(162,473,2021,1,'Belum Diberikan'),(163,474,2021,1,'Belum Diberikan'),(164,480,2021,1,'Belum Diberikan'),(165,489,2021,1,'Belum Diberikan'),(166,495,2021,1,'Belum Diberikan'),(167,503,2021,1,'Belum Diberikan'),(168,505,2021,1,'Belum Diberikan'),(169,509,2021,1,'Belum Diberikan'),(170,513,2021,1,'Belum Diberikan'),(171,515,2021,1,'Belum Diberikan'),(172,521,2021,1,'Belum Diberikan'),(173,525,2021,1,'Belum Diberikan'),(174,527,2021,1,'Belum Diberikan'),(175,530,2021,1,'Belum Diberikan'),(176,533,2021,1,'Belum Diberikan'),(177,536,2021,1,'Belum Diberikan'),(178,537,2021,1,'Belum Diberikan'),(179,539,2021,1,'Belum Diberikan'),(180,546,2021,1,'Belum Diberikan'),(181,553,2021,1,'Belum Diberikan'),(182,557,2021,1,'Belum Diberikan'),(183,559,2021,1,'Belum Diberikan'),(184,565,2021,1,'Belum Diberikan'),(185,570,2021,1,'Belum Diberikan'),(186,579,2021,1,'Belum Diberikan'),(187,580,2021,1,'Belum Diberikan'),(188,584,2021,1,'Belum Diberikan'),(189,592,2021,1,'Belum Diberikan'),(190,604,2021,1,'Belum Diberikan'),(191,612,2021,1,'Belum Diberikan'),(192,624,2021,1,'Belum Diberikan'),(193,626,2021,1,'Belum Diberikan'),(194,649,2021,1,'Belum Diberikan'),(195,652,2021,1,'Belum Diberikan'),(196,658,2021,1,'Belum Diberikan'),(197,673,2021,1,'Belum Diberikan'),(198,677,2021,1,'Belum Diberikan'),(199,687,2021,1,'Belum Diberikan'),(200,705,2021,1,'Belum Diberikan'),(201,225,2021,1,'Belum Diberikan'),(202,227,2021,1,'Belum Diberikan'),(203,239,2021,1,'Belum Diberikan'),(204,241,2021,1,'Belum Diberikan'),(205,244,2021,1,'Belum Diberikan'),(206,248,2021,1,'Belum Diberikan'),(207,259,2021,1,'Belum Diberikan'),(208,263,2021,1,'Belum Diberikan'),(209,271,2021,1,'Belum Diberikan'),(210,274,2021,1,'Belum Diberikan'),(211,277,2021,1,'Belum Diberikan'),(212,280,2021,1,'Belum Diberikan'),(213,284,2021,1,'Belum Diberikan'),(214,285,2021,1,'Belum Diberikan'),(215,300,2021,1,'Belum Diberikan'),(216,305,2021,1,'Belum Diberikan'),(217,314,2021,1,'Belum Diberikan'),(218,321,2021,1,'Belum Diberikan'),(219,329,2021,1,'Belum Diberikan'),(220,331,2021,1,'Belum Diberikan'),(221,339,2021,1,'Belum Diberikan'),(222,343,2021,1,'Belum Diberikan'),(223,346,2021,1,'Belum Diberikan'),(224,348,2021,1,'Belum Diberikan'),(225,351,2021,1,'Belum Diberikan'),(226,354,2021,1,'Belum Diberikan'),(227,355,2021,1,'Belum Diberikan'),(228,361,2021,1,'Belum Diberikan'),(229,364,2021,1,'Belum Diberikan'),(230,369,2021,1,'Belum Diberikan'),(231,379,2021,1,'Belum Diberikan'),(232,384,2021,1,'Belum Diberikan'),(233,385,2021,1,'Belum Diberikan'),(234,388,2021,1,'Belum Diberikan'),(235,390,2021,1,'Belum Diberikan'),(236,392,2021,1,'Belum Diberikan'),(237,394,2021,1,'Belum Diberikan'),(238,401,2021,1,'Belum Diberikan'),(239,408,2021,1,'Belum Diberikan'),(240,416,2021,1,'Belum Diberikan'),(241,432,2021,1,'Belum Diberikan'),(242,449,2021,1,'Belum Diberikan'),(243,452,2021,1,'Belum Diberikan'),(244,459,2021,1,'Belum Diberikan'),(245,461,2021,1,'Belum Diberikan'),(246,467,2021,1,'Belum Diberikan'),(247,469,2021,1,'Belum Diberikan'),(248,484,2021,1,'Belum Diberikan'),(249,491,2021,1,'Belum Diberikan'),(250,499,2021,1,'Belum Diberikan'),(251,500,2021,1,'Belum Diberikan'),(252,501,2021,1,'Belum Diberikan'),(253,502,2021,1,'Belum Diberikan'),(254,504,2021,1,'Belum Diberikan'),(255,516,2021,1,'Belum Diberikan'),(256,517,2021,1,'Belum Diberikan'),(257,520,2021,1,'Belum Diberikan'),(258,541,2021,1,'Belum Diberikan'),(259,550,2021,1,'Belum Diberikan'),(260,558,2021,1,'Belum Diberikan'),(261,564,2021,1,'Belum Diberikan'),(262,566,2021,1,'Belum Diberikan'),(263,571,2021,1,'Belum Diberikan'),(264,576,2021,1,'Belum Diberikan'),(265,578,2021,1,'Belum Diberikan'),(266,591,2021,1,'Belum Diberikan'),(267,601,2021,1,'Belum Diberikan'),(268,603,2021,1,'Belum Diberikan'),(269,615,2021,1,'Belum Diberikan'),(270,616,2021,1,'Belum Diberikan'),(271,619,2021,1,'Belum Diberikan'),(272,623,2021,1,'Belum Diberikan'),(273,627,2021,1,'Belum Diberikan'),(274,629,2021,1,'Belum Diberikan'),(275,644,2021,1,'Belum Diberikan'),(276,657,2021,1,'Belum Diberikan'),(277,663,2021,1,'Belum Diberikan'),(278,665,2021,1,'Belum Diberikan'),(279,666,2021,1,'Belum Diberikan'),(280,667,2021,1,'Belum Diberikan'),(281,670,2021,1,'Belum Diberikan'),(282,691,2021,1,'Belum Diberikan'),(283,692,2021,1,'Belum Diberikan'),(284,693,2021,1,'Belum Diberikan'),(285,695,2021,1,'Belum Diberikan'),(286,696,2021,1,'Belum Diberikan'),(287,698,2021,1,'Belum Diberikan'),(288,702,2021,1,'Belum Diberikan'),(289,704,2021,1,'Belum Diberikan'),(290,218,2020,2,'Sudah Diberikan'),(291,229,2020,2,'Belum Diberikan'),(292,245,2020,2,'Belum Diberikan'),(293,252,2020,2,'Belum Diberikan'),(294,253,2020,2,'Belum Diberikan'),(295,255,2020,2,'Belum Diberikan'),(296,256,2020,2,'Belum Diberikan'),(297,258,2020,2,'Belum Diberikan'),(298,261,2020,2,'Belum Diberikan'),(299,262,2020,2,'Belum Diberikan'),(300,267,2020,2,'Belum Diberikan'),(301,272,2020,2,'Belum Diberikan'),(302,273,2020,2,'Belum Diberikan'),(303,276,2020,2,'Belum Diberikan'),(304,278,2020,2,'Belum Diberikan'),(305,282,2020,2,'Belum Diberikan'),(306,286,2020,2,'Belum Diberikan'),(307,298,2020,2,'Belum Diberikan'),(308,303,2020,2,'Belum Diberikan'),(309,317,2020,2,'Belum Diberikan'),(310,322,2020,2,'Belum Diberikan'),(311,333,2020,2,'Belum Diberikan'),(312,334,2020,2,'Belum Diberikan'),(313,340,2020,2,'Belum Diberikan'),(314,341,2020,2,'Belum Diberikan'),(315,345,2020,2,'Belum Diberikan'),(316,350,2020,2,'Belum Diberikan'),(317,352,2020,2,'Belum Diberikan'),(318,363,2020,2,'Belum Diberikan'),(319,375,2020,2,'Belum Diberikan'),(320,380,2020,2,'Belum Diberikan'),(321,397,2020,2,'Belum Diberikan'),(322,402,2020,2,'Belum Diberikan'),(323,423,2020,2,'Belum Diberikan'),(324,424,2020,2,'Belum Diberikan'),(325,425,2020,2,'Belum Diberikan'),(326,428,2020,2,'Belum Diberikan'),(327,429,2020,2,'Belum Diberikan'),(328,433,2020,2,'Belum Diberikan'),(329,434,2020,2,'Belum Diberikan'),(330,435,2020,2,'Belum Diberikan'),(331,436,2020,2,'Belum Diberikan'),(332,437,2020,2,'Belum Diberikan'),(333,450,2020,2,'Belum Diberikan'),(334,454,2020,2,'Belum Diberikan'),(335,456,2020,2,'Belum Diberikan'),(336,458,2020,2,'Belum Diberikan'),(337,463,2020,2,'Belum Diberikan'),(338,470,2020,2,'Belum Diberikan'),(339,477,2020,2,'Belum Diberikan'),(340,483,2020,2,'Belum Diberikan'),(341,493,2020,2,'Belum Diberikan'),(342,497,2020,2,'Belum Diberikan'),(343,510,2020,2,'Belum Diberikan'),(344,512,2020,2,'Belum Diberikan'),(345,519,2020,2,'Belum Diberikan'),(346,523,2020,2,'Belum Diberikan'),(347,524,2020,2,'Belum Diberikan'),(348,528,2020,2,'Belum Diberikan'),(349,532,2020,2,'Belum Diberikan'),(350,538,2020,2,'Belum Diberikan'),(351,544,2020,2,'Belum Diberikan'),(352,551,2020,2,'Belum Diberikan'),(353,554,2020,2,'Belum Diberikan'),(354,562,2020,2,'Belum Diberikan'),(355,572,2020,2,'Belum Diberikan'),(356,573,2020,2,'Belum Diberikan'),(357,574,2020,2,'Belum Diberikan'),(358,581,2020,2,'Belum Diberikan'),(359,582,2020,2,'Belum Diberikan'),(360,583,2020,2,'Belum Diberikan'),(361,585,2020,2,'Belum Diberikan'),(362,589,2020,2,'Belum Diberikan'),(363,594,2020,2,'Belum Diberikan'),(364,595,2020,2,'Belum Diberikan'),(365,596,2020,2,'Belum Diberikan'),(366,600,2020,2,'Belum Diberikan'),(367,602,2020,2,'Belum Diberikan'),(368,607,2020,2,'Belum Diberikan'),(369,611,2020,2,'Belum Diberikan'),(370,617,2020,2,'Belum Diberikan'),(371,618,2020,2,'Belum Diberikan'),(372,628,2020,2,'Belum Diberikan'),(373,631,2020,2,'Belum Diberikan'),(374,633,2020,2,'Belum Diberikan'),(375,636,2020,2,'Belum Diberikan'),(376,640,2020,2,'Belum Diberikan'),(377,641,2020,2,'Belum Diberikan'),(378,646,2020,2,'Belum Diberikan'),(379,651,2020,2,'Belum Diberikan'),(380,653,2020,2,'Belum Diberikan'),(381,654,2020,2,'Belum Diberikan'),(382,655,2020,2,'Belum Diberikan'),(383,659,2020,2,'Belum Diberikan'),(384,661,2020,2,'Belum Diberikan'),(385,664,2020,2,'Belum Diberikan'),(386,672,2020,2,'Belum Diberikan'),(387,674,2020,2,'Belum Diberikan'),(388,675,2020,2,'Belum Diberikan'),(389,678,2020,2,'Belum Diberikan'),(390,680,2020,2,'Belum Diberikan'),(391,688,2020,2,'Belum Diberikan'),(392,706,2020,2,'Belum Diberikan'),(393,707,2020,2,'Belum Diberikan'),(394,708,2020,2,'Belum Diberikan');
/*!40000 ALTER TABLE `raports` ENABLE KEYS */;
UNLOCK TABLES;

--
-- Table structure for table `sekolahs`
--

DROP TABLE IF EXISTS `sekolahs`;
/*!40101 SET @saved_cs_client     = @@character_set_client */;
/*!40101 SET character_set_client = utf8 */;
CREATE TABLE `sekolahs` (
  `id` bigint(20) unsigned NOT NULL AUTO_INCREMENT,
  `nama` varchar(50) COLLATE utf8mb4_unicode_ci NOT NULL,
  `no_telp` varchar(15) COLLATE utf8mb4_unicode_ci NOT NULL,
  `alamat` varchar(255) COLLATE utf8mb4_unicode_ci NOT NULL,
  `deskripsi` varchar(255) COLLATE utf8mb4_unicode_ci NOT NULL,
  `visi` varchar(255) COLLATE utf8mb4_unicode_ci NOT NULL,
  `misi` text COLLATE utf8mb4_unicode_ci NOT NULL,
  `created_at` timestamp NULL DEFAULT NULL,
  `updated_at` timestamp NULL DEFAULT NULL,
  PRIMARY KEY (`id`)
) ENGINE=InnoDB AUTO_INCREMENT=2 DEFAULT CHARSET=utf8mb4 COLLATE=utf8mb4_unicode_ci;
/*!40101 SET character_set_client = @saved_cs_client */;

--
-- Dumping data for table `sekolahs`
--

LOCK TABLES `sekolahs` WRITE;
/*!40000 ALTER TABLE `sekolahs` DISABLE KEYS */;
INSERT INTO `sekolahs` VALUES (1,'SMP N 21 BATANGHARI','082372618040','Jln. Jend. Sudirman Km. 3 Muara Bulian, RT/RW 22/05','<p>Adalah salah satu SMP terakreditasi A.</p>','<p>Berprestasi berdasarkan iman dan taqwa dengan berbudaya lingkungan.</p>','<ol>\r\n<li>Menigkatkan disiplin dan kemampuan pribadi semua personil sekolah.</li>\r\n<li>Bersungguh-sungguh dan ikhlas melaksanakan tugas.</li>\r\n<li>Menjalin hubungan dan kerja sama yang harmonis antara kepala sekolah, guru, tenaga tata usaha, dan masyarakat serta instansi terkait.</li>\r\n<li>Melengkapi sarana dan prasarana sekolah.</li>\r\n<li>Menignkatkan pelaksanakan agama, etika dan tata tertib yang berlaku disekolah dan dalam lingkungan masyarakat.</li>\r\n<li>Menciptakan lingkungan yang indah, bersih, nyaman dan kondusif.</li>\r\n</ol>','2020-08-28 00:00:00','2021-01-25 15:09:41');
/*!40000 ALTER TABLE `sekolahs` ENABLE KEYS */;
UNLOCK TABLES;

--
-- Table structure for table `users`
--

DROP TABLE IF EXISTS `users`;
/*!40101 SET @saved_cs_client     = @@character_set_client */;
/*!40101 SET character_set_client = utf8 */;
CREATE TABLE `users` (
  `id` bigint(20) unsigned NOT NULL AUTO_INCREMENT,
  `kelas_id` bigint(20) unsigned DEFAULT NULL,
  `nama` varchar(191) COLLATE utf8mb4_unicode_ci NOT NULL,
  `email` varchar(30) COLLATE utf8mb4_unicode_ci NOT NULL,
  `no_hp` varchar(15) COLLATE utf8mb4_unicode_ci DEFAULT NULL,
  `password` varchar(100) COLLATE utf8mb4_unicode_ci NOT NULL,
  `level` enum('tu','guru','siswa','wakakurikulum','kepala sekolah') COLLATE utf8mb4_unicode_ci NOT NULL,
  `status` enum('aktif','tidak aktif','pindah','keluar') COLLATE utf8mb4_unicode_ci NOT NULL,
  `no_identitas` varchar(30) COLLATE utf8mb4_unicode_ci DEFAULT NULL,
  `foto` varchar(100) COLLATE utf8mb4_unicode_ci NOT NULL,
  `created_at` timestamp NULL DEFAULT current_timestamp(),
  `updated_at` timestamp NULL DEFAULT current_timestamp(),
  PRIMARY KEY (`id`),
  UNIQUE KEY `users_email_unique` (`email`),
  KEY `kelas_id` (`kelas_id`),
  CONSTRAINT `users_ibfk_1` FOREIGN KEY (`kelas_id`) REFERENCES `kelass` (`id`) ON DELETE SET NULL
) ENGINE=InnoDB AUTO_INCREMENT=712 DEFAULT CHARSET=utf8mb4 COLLATE=utf8mb4_unicode_ci;
/*!40101 SET character_set_client = @saved_cs_client */;

--
-- Dumping data for table `users`
--

LOCK TABLES `users` WRITE;
/*!40000 ALTER TABLE `users` DISABLE KEYS */;
INSERT INTO `users` VALUES (1,NULL,'tu','tu@gmail.com','082282692489','$2y$10$kAu2bujT9FCN9vIYhab8T.WpWCQfdcNvVXBSWy.ICsYF5gCyq7UwO','tu','aktif',NULL,'foto/man-avatar-profile-round-icon_24640-14044.jpg','2020-08-28 20:47:03','2021-02-05 13:26:54'),(176,NULL,'ABDUL KADIR, S.Pd.I','guru1@gmail.com','000000000000','$2y$10$AhdM7aZORPmyGtO0XheSJeH/r9amjTa2TfkGvml2J.LvZXRQRXIaO','guru','aktif','19790713 200604 1 006','foto.jpg','2021-02-06 06:41:12','2022-05-31 14:40:44'),(177,NULL,'DRS. SUGENG, S.Pd','guru2@gmail.com','000000000000','$2y$10$MwsRztcDUbGnAhQH9swJT.1Qh.sfPrdn7l9dN2RJKQkb/DN5/51V2','guru','aktif','19610124 199003 1 001','foto.jpg','2021-02-06 06:41:12','2021-02-06 06:41:12'),(178,NULL,'SISWARTINI, S.Pd','guru3@gmail.com','000000000000','$2y$10$S2k6mkTa1YvEKTMzCgQLQeV7SNmESnjRBh.S9qwIjEof..HwB54CG','guru','aktif','19620915 198602 2 002','foto.jpg','2021-02-06 06:41:12','2021-02-06 06:41:12'),(179,NULL,'ISMI YERNI, S.Pd','guru4@gmail.com','000000000000','$2y$10$JVJ86mW59V1r7FwyHW5fIO3fAByS2xzxf5Nz7H4cqud6mVbk1wOTG','guru','aktif','19680214 199703 2 002','foto.jpg','2021-02-06 06:41:12','2021-02-06 06:41:12'),(180,NULL,'RAHMIYATI. YS, S.Pd','guru5@gmail.com','000000000000','$2y$10$pOFN0DTVWWUy/pm6IH2SqOUM3dem6JV33UCKyNw1s1CSbJgHmdyPS','guru','aktif','19740611 199903 2 003','foto.jpg','2021-02-06 06:41:12','2021-02-06 06:41:12'),(181,NULL,'CHRISNADI NEVIANTO, S.Pd','guru6@gmail.com','000000000000','$2y$10$5pvUNQylNVJkb3MTN8vdt.QwdfBuNnnjQOaoDtaqvCtcHZ3oRb52u','guru','aktif','19691123 199203 1 002','foto.jpg','2021-02-06 06:41:12','2021-02-06 06:41:12'),(182,NULL,'SUBARI, S.Pd','guru7@gmail.com','000000000000','$2y$10$fw.35a6Mr8kKqhNug3ajeOIz82Cbpx0hd1QYICPXxEOSrE0/pyiW6','guru','aktif','19690210 200312 1 004','foto.jpg','2021-02-06 06:41:12','2021-02-06 06:41:12'),(183,NULL,'METTY HARTINA, M.Pd','guru8@gmail.com','000000000000','$2y$10$DuhtV1Xbh1qhsxtv/.vELOhviBDGyQwjYA5YN9.92IfvHyIzoVISm','guru','aktif','19770524 200604 2 011','foto.jpg','2021-02-06 06:41:12','2021-02-06 06:41:12'),(184,NULL,'FITRI HANDAYANI, S.Pd','guru9@gmail.com','000000000000','$2y$10$ZXGxINurqUJhPcAKJ1ogOe4Y82Wu2BVhbMzJYiu9VApRulrwE7jfO','guru','aktif','19800918 200501 2 017','foto.jpg','2021-02-06 06:41:12','2021-02-06 06:41:12'),(185,NULL,'HALIMATUSSA\'DIYAH, M.Pd.I','guru10@gmail.com','000000000000','$2y$10$pWiDo2h0hm7QofinfSlmHelXWpRCQhB9fZrNKjWZuoyZVjDLpQGim','guru','aktif','19820101 200604 2 036','foto.jpg','2021-02-06 06:41:12','2021-02-06 06:41:12'),(186,NULL,'YUSMANIAR, S.Pd','guru11@gmail.com','000000000000','$2y$10$cpZEMwvsBZP0v8zxOK5HDedEtYVSXASOJ0t925GM51JcXh14jyHJ6','guru','aktif','19730401 200501 2 006','foto.jpg','2021-02-06 06:41:12','2021-02-06 06:41:12'),(187,NULL,'RISDA DEWI, S.Pd','guru12@gmail.com','000000000000','$2y$10$VM82qgoXBpZSOAcDjRhazOGf3KdEVK8hiBt96q/Sa6WDChU5Vc/D6','guru','aktif','19780701 200501 2 011','foto.jpg','2021-02-06 06:41:12','2021-02-06 06:41:12'),(188,NULL,'SULISTYANI, S.Pd','guru13@gmail.com','000000000000','$2y$10$CLEAWXp4Dj1rinYRKODXMOmilKkUj35EbCT1NMbsVWYDgVk6g7Meq','guru','aktif','19800914 200501 2 008','foto.jpg','2021-02-06 06:41:12','2021-02-06 06:41:12'),(189,NULL,'ZHUMIRAS, S.Pd.I','guru14@gmail.com','000000000000','$2y$10$H440lbBdVHnKlOYHAg3m9.5wI8.uIebgA2qeJGjNQqn1E8HpKufsW','guru','aktif','19801009 200604 2 005','foto.jpg','2021-02-06 06:41:12','2021-02-06 06:41:12'),(190,NULL,'NUR ASIYAH, S.Pd','guru15@gmail.com','000000000000','$2y$10$EVcWM6mHIBFL8O..9VAM/uGHNwuhGJO0/sNSsPXmJA.j6JHbVjOhK','guru','aktif',' 19810328 200501 2 005 ','foto.jpg','2021-02-06 06:41:12','2021-02-06 06:41:12'),(191,NULL,'DEDI HENDRIYANTO, S.Pd','guru16@gmail.com','000000000000','$2y$10$oKp6NwNDTi51tZzdR.VC2.iIk5O4q1dKIYdHz/T7ulxxnaJ46WxO.','guru','aktif','19830727 200902 1 006','foto.jpg','2021-02-06 06:41:12','2021-02-06 06:41:12'),(192,NULL,'LIDYA APRIANTI, S.Pd','guru17@gmail.com','000000000000','$2y$10$SLHpOlFXg07R1JKFYfnCyOW8QRSJvHOGVIBgFSRhxbiJ6KVJDZRgO','guru','aktif','19860410 201001 2 009','foto.jpg','2021-02-06 06:41:12','2021-02-06 06:41:12'),(193,NULL,'MURDIYATI, M.H','guru18@gmail.com','000000000000','$2y$10$7PoVb2LzfqVUFJ0EJuaF/eVU4r0BVD3z.kzW6Fsn4vx4i6lJ/FXw2','guru','aktif','19691106 200701 2 007','foto.jpg','2021-02-06 06:41:12','2021-02-06 06:41:12'),(194,NULL,'LISARYADI, S.Pd','guru19@gmail.com','000000000000','$2y$10$aYBC5vwaMj76zMwQH/6Ak.ALLX7NeILmH9bYvHBn5WDtudFFVuxdS','guru','aktif',' 19711110 200701 1 007 ','foto.jpg','2021-02-06 06:41:12','2021-02-06 06:41:12'),(195,NULL,'MARFUAH, S.Ag','guru20@gmail.com','000000000000','$2y$10$SX3MoesqNydZNHQPpduSfeyxHKbEqxfoXRbcq0D9FknZwi9EvMQFe','guru','aktif','19671004 200701 2 006','foto.jpg','2021-02-06 06:41:12','2021-02-06 06:41:12'),(196,NULL,'EVY LEONI, S.Pd','guru21@gmail.com','000000000000','$2y$10$Lle6Gj6Zwn0uMJlCxp7oF.thfPmppY/fNV.wRYraWJ1tIq5a2b.Iy','guru','aktif','19690823 200701 2 027','foto.jpg','2021-02-06 06:41:12','2021-02-06 06:41:12'),(197,NULL,'AFSYAH KURNIATY, S.Pt','guru22@gmail.com','000000000000','$2y$10$K3YQoIfzysNJbpMFJF8VLOqcj4.QK9WzYUlB0wIas9JM.oPnIDdCa','guru','aktif','19720421 200701 2 017','foto.jpg','2021-02-06 06:41:12','2021-02-06 06:41:12'),(198,NULL,'JUNIAR, S.Pd','guru23@gmail.com','000000000000','$2y$10$v/og621rpmo/gZLZ6ivYlexc/rpoF5kWR20fJQdhaQ.rjhr9syE6.','guru','aktif','19770610 200701 2 009','foto.jpg','2021-02-06 06:41:12','2021-02-06 06:41:12'),(199,NULL,'ADRIANTO IDRIS, S.P','guru24@gmail.com','000000000000','$2y$10$SpidE74Z9Wnnbg6DanVmEuiu8Ho9r.J/GmFQQEahD/dIJOTrzHSVi','guru','aktif','19700120 200701 1 010','foto.jpg','2021-02-06 06:41:12','2021-02-06 06:41:12'),(200,NULL,'JUFRIZAR, S.Pd','guru25@gmail.com','000000000000','$2y$10$wf7puizHEClBmGCcY9SH6u10Dm9WpwgQOPOHVSdMx5GLmN8cWOmh2','guru','aktif','19760420 200801 1 013','foto.jpg','2021-02-06 06:41:12','2021-02-06 06:41:12'),(201,NULL,'TRI HARIYANI, S.Pd','guru26@gmail.com','000000000000','$2y$10$6q0WOKhdPMEvOXPjTIyE0ulKGx6bgcQvQbNPFqXrXy6SS4kLZhl5G','guru','aktif','19790912 200902 2 005','foto.jpg','2021-02-06 06:41:12','2021-02-06 06:41:12'),(202,NULL,'RUSMANIZAR, S.Pd','guru27@gmail.com','000000000000','$2y$10$GUylil3GzuoOVfH6c0rL1.qyKiz6sskF1uCnRafitMH6Qy3sOFzOC','guru','aktif','19841107 201001 2 006','foto.jpg','2021-02-06 06:41:12','2021-02-06 06:41:12'),(203,NULL,'TATI SULASTRI, S.Kom','guru28@gmail.com','000000000000','$2y$10$BHQelQja4/Cuya1sgXKV8.WEYsKJHgbpunyEiJAt2y1MMYAeA27ee','guru','aktif','19831130 201101 2 004','foto.jpg','2021-02-06 06:41:12','2021-02-06 06:41:12'),(204,NULL,'ANNI, S.E','guru29@gmail.com','000000000000','$2y$10$OQSw4l8zHdAowXZ.k9vbPeVddIbpCCgdQaViO47Oy.yzN..UqLZ46','guru','aktif','19800326 200901 2 001','foto.jpg','2021-02-06 06:41:12','2021-02-06 06:41:12'),(205,NULL,'MUSNIATI, S.Pd.I','guru30@gmail.com','000000000000','$2y$10$GIta0Ili9Vgu7Sj0c5bbpOB64HhiTIOzC9TGMH3nw3RKgbQ06IZ9u','guru','aktif','19650302 201407 2 001','foto.jpg','2021-02-06 06:41:12','2021-02-06 06:41:12'),(206,NULL,'ROHILAWATI, S.Pd.I','guru31@gmail.com','000000000000','$2y$10$9MzlP/JgAqto1cab3Z7Pp.IHKMEf6Fq5Fvy3EdrJ4.VjnO0f9eUza','guru','aktif','-','foto.jpg','2021-02-06 06:41:12','2021-02-06 06:41:12'),(207,NULL,'M.YUSUF','guru32@gmail.com','000000000000','$2y$10$9WcyrSlOiM39zmN7h.9WXuyeYiaNfLRk0fmT.FjrZrPuhWJjkwzfm','guru','aktif','-','foto.jpg','2021-02-06 06:41:12','2021-02-06 06:41:12'),(208,NULL,'ABDIL QIROM, S.E','guru33@gmail.com','000000000000','$2y$10$OTrsqKxqqsi2981iynQKIer23Ow4Y8qgzV2u2K2jmQ8m4Y9pISiGW','guru','aktif','-','foto.jpg','2021-02-06 06:41:12','2021-02-06 06:41:12'),(209,NULL,'ANDRIYANTO, S.E','guru34@gmail.com','000000000000','$2y$10$yOOXH7TOOTK/wiNMO/TLYe0Ig4fVp/N/OPOUKOJjlsHPfh1Tzy.gy','guru','aktif','-','foto.jpg','2021-02-06 06:41:12','2021-02-06 06:41:12'),(210,NULL,'MUHAJJIR, S.E','guru35@gmail.com','000000000000','$2y$10$4zqh9R7KwqW3u2s3Nv7TWuUf3QZUMgXW6h8e3a3FZ.jWJXCGAk52e','guru','aktif','-','foto.jpg','2021-02-06 06:41:12','2021-02-06 06:41:12'),(211,NULL,'FERI RIYANGGA, S.E','guru36@gmail.com','000000000000','$2y$10$hn96CJ55fiaJ3duwhz2FIOQG/e3qvIfCzFrG/XrJTIe0TG0GHzaA2','guru','aktif','-','foto.jpg','2021-02-06 06:41:12','2021-02-06 06:41:12'),(212,NULL,'RAHMAD YULIANTO','guru37@gmail.com','000000000000','$2y$10$c3t7EONyDfJW3R4gppEOZOfBRjXoj6KsbeI.VqAPIcw9B1Z4sRhl.','guru','aktif','-','foto.jpg','2021-02-06 06:41:12','2021-02-06 06:41:12'),(213,NULL,'PAWIT RESMIYATI, S.Pd','guru38@gmail.com','000000000000','$2y$10$GGKo3uJfBys1PFqUXyquROcXmpD3VeYJtA8xjVVtRwwgZMliWtLzS','guru','aktif','-','foto.jpg','2021-02-06 06:41:12','2021-02-06 06:41:12'),(214,NULL,'EDO PRATAMADANI, S.Pd','guru39@gmail.com','000000000000','$2y$10$b2dy7r8vIfYiZWjZfUaoF.wV/.koZIfIGTShEO..4hrUpeBH4hPa6','guru','aktif','-','foto.jpg','2021-02-06 06:41:12','2021-02-06 06:41:12'),(215,NULL,'IANTSA S.MARA. C, S.Kom','guru40@gmail.com','000000000000','$2y$10$0hZWONlp9jumLLzaU9zSr..hrJ54BPFAKymeVmTPe8iKPxfj.Ec/e','guru','aktif','-','foto.jpg','2021-02-06 06:41:12','2021-02-06 06:41:12'),(216,NULL,'SAPRIA EKI, S.Pd','guru41@gmail.com','000000000000','$2y$10$G79DAVMNjIhD43i88AzUyuH3YM8ZOXEm4qeezs1ENIIRCADvI9i.G','guru','aktif','-','foto.jpg','2021-02-06 06:41:12','2021-02-06 06:41:12'),(217,NULL,'Ade Triyuanda, SH','guru42@gmail.com','000000000000','$2y$10$G52gP/cQje0NWCB5Mhb0u.GIstkvZGItzgs2/gdRZqABkOypPYqT2','guru','aktif','-','foto.jpg','2021-02-06 06:41:12','2021-02-06 06:41:12'),(218,9,'Abdullah Ahmad Fahrezi','siswa1@gmail.com','0000000000000','$2y$10$nGFcv0w8AQP89r0V70QwEOQ6zfP9OQsvHJGP9fCjieAJOToYf0BC2','siswa','keluar','1504032211060001','foto.jpg','2021-02-06 21:57:14','2022-05-31 14:38:49'),(219,5,'ACHMAD SAYFUDDIIN','siswa2@gmail.com','0000000000000','$2y$10$0XGPJDoWz7xUvpuEElk4XecYpV/jfbxAagJNQ3ksiVm5ywreOviz.','siswa','aktif','1504030212050002','foto.jpg','2021-02-06 21:57:14','2021-02-06 21:57:14'),(220,7,'ADAM HIDAYATULLAH','siswa3@gmail.com','0000000000000','$2y$10$P/XMJCIADwUAHhpd.pv6B.PQdGylMgzi.h8RYmoxaRrHRObgf7Kl.','siswa','aktif','1504031706080001','foto.jpg','2021-02-06 21:57:14','2021-02-06 21:57:14'),(221,7,'Adam Triansyah','siswa4@gmail.com','0000000000000','$2y$10$CSUbe9x1ppSrW2Y0PF42qeuF1R.hbxrhzHvJuT3q98TQltNkgmFNW','siswa','aktif','1504031011070001','foto.jpg','2021-02-06 21:57:14','2021-02-06 21:57:14'),(222,7,'ADE PRAMADIKA','siswa5@gmail.com','0000000000000','$2y$10$eonpxOwmIreY5vVOMWbpFO0cGGpS.B53N46J86lqmI97SYKXTVlKa','siswa','aktif','1504030104080001','foto.jpg','2021-02-06 21:57:14','2021-02-06 21:57:14'),(223,7,'Adek Fitri Andriani','siswa6@gmail.com','0000000000000','$2y$10$vVt3ShBKn3xQIDMlDW7ZDu8FHpUM77PGvOWSW8kUQPIDSOCGXmF96','siswa','aktif','1218085412040001','foto.jpg','2021-02-06 21:57:14','2021-02-06 21:57:14'),(224,6,'ADEL PASDEAR','siswa7@gmail.com','0000000000000','$2y$10$u36XAivTRAj4ZJnChlrAy.qLo.p0Y23vKxAYyZgLyvNezmshIyxd6','siswa','aktif','1504032101070001','foto.jpg','2021-02-06 21:57:14','2021-02-06 21:57:14'),(225,8,'ADINDA KURNIA PRATIWI','siswa8@gmail.com','0000000000000','$2y$10$HRLvay.KnfvVVv3vXZ9SKO6ZAIzioq6Odl/hywopI57S9oTsdXOyO','siswa','aktif','1504034902070004','foto.jpg','2021-02-06 21:57:14','2021-02-06 21:57:14'),(226,6,'ADITYA ANANTA','siswa9@gmail.com','0000000000000','$2y$10$9rL7htD6lN3U.rzE5o5rjOxVFl6iVNqeMKhY5B9j241CAT7huq5q.','siswa','aktif','1504030107070001','foto.jpg','2021-02-06 21:57:14','2021-02-06 21:57:14'),(227,8,'ADITYA PAJAR','siswa10@gmail.com','0000000000000','$2y$10$4SE/pJyp8NWEUQnma2KYH.apALp7ICtes0gvSfqbP8C/O5p7gz2fe','siswa','aktif','1504033112080001','foto.jpg','2021-02-06 21:57:14','2021-02-06 21:57:14'),(228,5,'ADITYIA FEBRIAN','siswa11@gmail.com','0000000000000','$2y$10$2tl6yuZP008mHgCya/8iPO5RUvG/vdm3C5ujaqTk8ndlgKZx89Cfq','siswa','aktif','1504031102060002','foto.jpg','2021-02-06 21:57:14','2021-02-06 21:57:14'),(229,9,'AFFAN DZAKKI RIYANTO','siswa12@gmail.com','0000000000000','$2y$10$ao12Ch3.uwKP.5DzuXpH..sGXIkAcI64z7hsbw.161Rfu1c2r8pFy','siswa','aktif','1504032911060001','foto.jpg','2021-02-06 21:57:14','2021-02-06 21:57:14'),(230,5,'Afka Nafisa','siswa13@gmail.com','0000000000000','$2y$10$UsDLlGAirkOaZtBKDhmt1e4wbVM/6w5BKB8FzDwvDCpCmZ8zo0Nw6','siswa','aktif','1304096402080002','foto.jpg','2021-02-06 21:57:14','2021-02-06 21:57:14'),(231,6,'AGUNG FIRMANSYA','siswa14@gmail.com','0000000000000','$2y$10$xmfMEXozBMFqNl4bKbVY5Or397f7DE48nZiCMEQA1r9aJt7texdkS','siswa','aktif','1571070905060041','foto.jpg','2021-02-06 21:57:14','2021-02-06 21:57:14'),(232,6,'Agus Afriyanto','siswa15@gmail.com','0000000000000','$2y$10$e0bSEXxPXOQyVF9udl6lzOS3l1iMp3d5YcbHiMLOBCGKcK5gbGw4S','siswa','aktif','1504030408070003','foto.jpg','2021-02-06 21:57:14','2021-02-06 21:57:14'),(233,6,'Agus Widiyanto','siswa16@gmail.com','0000000000000','$2y$10$SzCtjEQpdY4OP7jF3zK8aeue0r5nMt4gBvankV9pUNVtRPgVlQdXa','siswa','aktif','1504032808050002','foto.jpg','2021-02-06 21:57:14','2021-02-06 21:57:14'),(234,7,'AHMAD ADITYA MILWANSYAH','siswa17@gmail.com','0000000000000','$2y$10$DXuP3Fj2wSJ5LMe61N0Ca.5Zko6hStw3Kg/W.MgeJfBKKrpXcDTJ2','siswa','aktif','1504032008060007','foto.jpg','2021-02-06 21:57:14','2021-02-06 21:57:14'),(235,5,'Ahmad Al Fikri','siswa18@gmail.com','0000000000000','$2y$10$9EyqQkXaRdPoJ207cIOabe5AB2xWjHDjfyQ8eWp181omKmRS1RhkW','siswa','aktif','1504031801060001','foto.jpg','2021-02-06 21:57:14','2021-02-06 21:57:14'),(236,5,'AHMAD DANI AL FAJRI','siswa19@gmail.com','0000000000000','$2y$10$IcxK81rGBtpyemv3A3UjR.24mkicawz/02DlgU10cVdL.Ltt8tx9u','siswa','aktif','1504030409070001','foto.jpg','2021-02-06 21:57:14','2021-02-06 21:57:14'),(237,6,'AHMAD FAJAR TANJUNG','siswa20@gmail.com','0000000000000','$2y$10$5s7uFCJyhTgAlDih7pdo5eF0YkLew83p5VbEIG/nJBCxLENFjujSm','siswa','aktif','1504031308070003','foto.jpg','2021-02-06 21:57:14','2021-02-06 21:57:14'),(238,7,'Ahmad Jepri Nuryansyah','siswa21@gmail.com','0000000000000','$2y$10$RENbwKhcliY34ZD.rKDz0Op1VDwR1OJcJbvyka7QBA0dw7RCzEmTO','siswa','aktif','1504070407060001','foto.jpg','2021-02-06 21:57:14','2021-02-06 21:57:14'),(239,8,'AHMAD RAIS','siswa22@gmail.com','0000000000000','$2y$10$XkB.zbqBTMd1Vo3qHPUeMOcoWmcB1OSCxWcte.YjaKEuu6Cljg2r6','siswa','aktif','1271141502070002','foto.jpg','2021-02-06 21:57:14','2021-02-06 21:57:14'),(240,5,'Ahmad Shafirman','siswa23@gmail.com','0000000000000','$2y$10$lcp71Ed1bb9tYb.hy8GfL.rs4djXNAKqxKBFd7WujSk8IAuwMPTn2','siswa','aktif','1504031309060001','foto.jpg','2021-02-06 21:57:14','2021-02-06 21:57:14'),(241,8,'Aini','siswa24@gmail.com','0000000000000','$2y$10$iwui/wnZBHxg.Jcpcyx/Q.BJBoM5q1Ke9FYJfwDnUl61gZrkUKxHW','siswa','aktif','1502164107080001','foto.jpg','2021-02-06 21:57:14','2021-02-06 21:57:14'),(242,5,'Akhra Maulana Hafis','siswa25@gmail.com','0000000000000','$2y$10$wEst8yWSHQlEYId1W4Dn5.7bd9tni2g42Y5/hhdPZzp0YAqdRedY2','siswa','aktif','1375010104060002','foto.jpg','2021-02-06 21:57:14','2021-02-06 21:57:14'),(243,7,'AL HIKMAH NURFITRI','siswa26@gmail.com','0000000000000','$2y$10$0uZ6AsQVwoUjQ.yPyXFLH.AZLEFt6tnXoRF03.8cZ4CslmnZw3VZO','siswa','aktif','1504036310060003','foto.jpg','2021-02-06 21:57:14','2021-02-06 21:57:14'),(244,8,'ALAM ARDIAN SAPUTRA','siswa27@gmail.com','0000000000000','$2y$10$S1G7xJ1fLt6Qx.KJmRIqU.1JaD2Sv2ErbxVAhgPDqUKmswJRZCQIu','siswa','aktif','1504032611050002','foto.jpg','2021-02-06 21:57:14','2021-02-06 21:57:14'),(245,9,'ALDA','siswa28@gmail.com','0000000000000','$2y$10$nX5dbtFZnrl3/x5VXnNGJ.UIRs0Mo0HoRujGgJYHYSZGt2HyqJFGm','siswa','aktif','1504036003080001','foto.jpg','2021-02-06 21:57:14','2021-02-06 21:57:14'),(246,6,'Aldi Hendandi','siswa29@gmail.com','0000000000000','$2y$10$B1jylnfyf7Rem46qPL4kj.G/76HvkKBmx6HtFZQ5altWLbfIBRWJ2','siswa','aktif','1404160402060001','foto.jpg','2021-02-06 21:57:14','2021-02-06 21:57:14'),(247,5,'ALDI HIDAYAT','siswa30@gmail.com','0000000000000','$2y$10$H1p1kTHmvfDe/2Y6jR./x.y.bbZK.d2oEVRwpvBMuk5vwG/z9eUtq','siswa','aktif','1504032909070003','foto.jpg','2021-02-06 21:57:14','2021-02-06 21:57:14'),(248,8,'Aldi Pratama','siswa31@gmail.com','0000000000000','$2y$10$cwVROQeMCdUn6udSb5gpSu4I4qmOG6fhD9n.cli.LXqsQ2OndQ4LG','siswa','aktif','1504031502060003','foto.jpg','2021-02-06 21:57:14','2021-02-06 21:57:14'),(249,7,'Ali Akbar','siswa32@gmail.com','0000000000000','$2y$10$2jSW7/TKZw5a/WAbz2/U/.vY/sqAUcbnI2KKc7COTrpk2X2ZBx.kO','siswa','aktif','1504030210050001','foto.jpg','2021-02-06 21:57:14','2021-02-06 21:57:14'),(250,7,'Ali Jabarudin','siswa33@gmail.com','0000000000000','$2y$10$O3OyJtjwkw0k1vjf.adPOejYNzlEC2Yhm6C1LIU/P2kbaCbL7gJU2','siswa','aktif','1504082005080001','foto.jpg','2021-02-06 21:57:14','2021-02-06 21:57:14'),(251,7,'ALIEF BINTANG PUTRA AL HAFIIZH','siswa34@gmail.com','0000000000000','$2y$10$hD8lNiFv6lWZTaV9rZk/qO9.oW3lNoElxdK7vRde19.NM26FL30rG','siswa','aktif','3172032211060006','foto.jpg','2021-02-06 21:57:14','2021-02-06 21:57:14'),(252,9,'ALIF MAULANA','siswa35@gmail.com','0000000000000','$2y$10$qR213eg9tFOpFhdmDXcU6OAhnD5vKy85jIMXBs/IZKerLM.QZXmbO','siswa','aktif','1504032205070004','foto.jpg','2021-02-06 21:57:14','2021-02-06 21:57:14'),(253,9,'ALISSA RAMADHANI','siswa36@gmail.com','0000000000000','$2y$10$DUMSgIkb6KwKFeQxyJ8seeHTXKQeWqHaqGf8zNkGfNCZwHod57gcm','siswa','aktif','1504035810060001','foto.jpg','2021-02-06 21:57:14','2021-02-06 21:57:14'),(254,6,'ALVIN APRIYANSYAH','siswa37@gmail.com','0000000000000','$2y$10$nyCIQdCiLfMvD8EPNnZkWupmSOg0alyop1NWRpAHIpioBKi7q0eZ6','siswa','aktif','1504031902060002','foto.jpg','2021-02-06 21:57:14','2021-02-06 21:57:14'),(255,9,'Alvin Zakiya Eka Hadiono','siswa38@gmail.com','0000000000000','$2y$10$EZTO7IPjtNKzF5yYPaMG/./Q9Tbv2cMPOwPQdfcvZHQXUmOs4CY7.','siswa','aktif','3506261403060004','foto.jpg','2021-02-06 21:57:14','2021-02-06 21:57:14'),(256,9,'ALWI DINATA RAMADAN','siswa39@gmail.com','0000000000000','$2y$10$Zak.8ePJhrW273xYJaKRIOCR.rhXpaNexghR24DZL/MnQAPRcAvay','siswa','aktif','1504032209060001','foto.jpg','2021-02-06 21:57:14','2021-02-06 21:57:14'),(257,6,'ALYA RAMADHANI','siswa40@gmail.com','0000000000000','$2y$10$N9lV8e0Ka7IuGu8JQ7u9XeeNi3WvLcaBJhANNCfXOrQvm4MKJgj4O','siswa','aktif','1504034510070003','foto.jpg','2021-02-06 21:57:14','2021-02-06 21:57:14'),(258,9,'ALYA ZAKIYYAH','siswa41@gmail.com','0000000000000','$2y$10$9GdY09SS.ftsf7cYyq9n0.ZAfJA7VpVP3uklr4boPCWDFgrsNYvRq','siswa','aktif','1504035706070001','foto.jpg','2021-02-06 21:57:14','2021-02-06 21:57:14'),(259,8,'Amanda Devina','siswa42@gmail.com','0000000000000','$2y$10$iWWHhR668pXBN6EeGu3azOFplyTll.QWsMom0WBIpTgP2na2KQ0Jy','siswa','aktif','1504035308080005','foto.jpg','2021-02-06 21:57:14','2021-02-06 21:57:14'),(260,5,'AMBAR ARDIYANTI RUKMANA','siswa43@gmail.com','0000000000000','$2y$10$s15intaWtc4BexfFZXbb4O02yOcby3tFl203krmLjFqDz3g8/7vvq','siswa','aktif','1504035012070003','foto.jpg','2021-02-06 21:57:14','2021-02-06 21:57:14'),(261,9,'AMELIA FITTRI YUNITA SARI','siswa44@gmail.com','0000000000000','$2y$10$L7Dctr4gt0Si7fXs0t29jOiEZIi8IyZuMgNzCR68LH5Fzavf9bXGK','siswa','aktif','1504037003060002','foto.jpg','2021-02-06 21:57:14','2021-02-06 21:57:14'),(262,9,'Ananda Dara Prasetya','siswa45@gmail.com','0000000000000','$2y$10$X9i.OZ7GCcQmhX8wN.GkHuUoGMhbAD/lmu0u.DeaZV6mgrnLQu/7.','siswa','aktif','1803046003070002','foto.jpg','2021-02-06 21:57:14','2021-02-06 21:57:14'),(263,8,'ANANI KHAFIDZOH MAHYATI','siswa46@gmail.com','0000000000000','$2y$10$x6NS/tzhHVDQsDjAWaAOhOmkHcPOB3kMJ./SHu2r1aW6zmsPks6r6','siswa','aktif','3308156711080003','foto.jpg','2021-02-06 21:57:14','2021-02-06 21:57:14'),(264,7,'ANDHARA NURUL FADHILAH SAEMAN','siswa47@gmail.com','0000000000000','$2y$10$FmhDZ2lr0bpcuvzMT0sk/.ckAluK9Njwe3SE/GwH..ecfd2FIlzOy','siswa','aktif','1504036909070003','foto.jpg','2021-02-06 21:57:14','2021-02-06 21:57:14'),(265,5,'ANDHINI','siswa48@gmail.com','0000000000000','$2y$10$ySvwA4l1yaLNUOYL/WP6CusjsrYHdExwBivEo0g2ytAH12s8C1vUK','siswa','aktif','1504037108060001','foto.jpg','2021-02-06 21:57:14','2021-02-06 21:57:14'),(266,6,'ANDIKA SAKIRIN','siswa49@gmail.com','0000000000000','$2y$10$sM6omnKG3TEyaUIIQc7sU.H5k./Pgfre2clDy/ksNvk7v7G1SdWma','siswa','aktif','1504032508070003','foto.jpg','2021-02-06 21:57:14','2021-02-06 21:57:14'),(267,9,'ANDRA FAJAR NUGRAHA. SY','siswa50@gmail.com','0000000000000','$2y$10$MmyR0Cjac5DeNMGUwAF9rO4SO.UXwh/s2nkEGWjDrtg7eD8y8nwU2','siswa','aktif','1504071207060001','foto.jpg','2021-02-06 21:57:14','2021-02-06 21:57:14'),(268,7,'ANDRA MAULANA SETIAWAN','siswa51@gmail.com','0000000000000','$2y$10$4ezxNNxbfIwHArna2cwlB.GcuwELOgxBbnWZ2MxVMN1u16n.jPGSW','siswa','aktif','1504030106080003','foto.jpg','2021-02-06 21:57:14','2021-02-06 21:57:14'),(269,6,'Andre Golota','siswa52@gmail.com','0000000000000','$2y$10$BV4CqTvH6keChvMyVW3kMeaHUeg3A12QkGkLLrXIqpwR.zpuPprAq','siswa','aktif','1310041310030001','foto.jpg','2021-02-06 21:57:14','2021-02-06 21:57:14'),(270,7,'ANDREANSYA','siswa53@gmail.com','0000000000000','$2y$10$wAlqCx3UGWR.HKJ0DMJVeuwzKWYpGoGPWnf81dwXTdYAxaGLDclW.','siswa','aktif','1504031311030004','foto.jpg','2021-02-06 21:57:14','2021-02-06 21:57:14'),(271,8,'ANGGER DARMAWAN. S','siswa54@gmail.com','0000000000000','$2y$10$fYvU3jDJu09uJMMv5qGArO6RGLzzVJ2mUFCUWY85fgtTA.eZC3qKW','siswa','aktif','1504031312050002','foto.jpg','2021-02-06 21:57:14','2021-02-06 21:57:14'),(272,9,'ANGGI RAHMADANI','siswa55@gmail.com','0000000000000','$2y$10$v7xzU7Vom85DSJS7iD.OfOsw/XID3bD8qchuXnDypwIOty.z60lk6','siswa','aktif','1504035309080002','foto.jpg','2021-02-06 21:57:14','2021-02-06 21:57:14'),(273,9,'Anggun','siswa56@gmail.com','0000000000000','$2y$10$odRc6W8uPxa3hWj4Gb47Geo8WMliZyax.8dJ74vX.JTKP220D/VaG','siswa','aktif','1504034208050004','foto.jpg','2021-02-06 21:57:14','2021-02-06 21:57:14'),(274,8,'ANGGUN ALSYA','siswa57@gmail.com','0000000000000','$2y$10$N9ugFkGqbR7x33HLFKhuY.sfcTd6zTffBv/OivvGll3DuavXF9BVq','siswa','aktif','1504035501060001','foto.jpg','2021-02-06 21:57:14','2021-02-06 21:57:14'),(275,7,'ANGGUN KAILA PUTRI','siswa58@gmail.com','0000000000000','$2y$10$4b38m1TeahrJcWrypvfDBO.7uigN4bGvspVHTYitRc47cH5tgb312','siswa','aktif','1504035508070001','foto.jpg','2021-02-06 21:57:14','2021-02-06 21:57:14'),(276,9,'ANISA DWI MUHARANI','siswa59@gmail.com','0000000000000','$2y$10$hnjRz7VjsfsAdc7yg9ewYuaFyOIYeqiuqb7Ye2uIQeGhY9wu2p5Im','siswa','aktif','1504035801090002','foto.jpg','2021-02-06 21:57:14','2021-02-06 21:57:14'),(277,8,'ANJLY NURHASANAH','siswa60@gmail.com','0000000000000','$2y$10$rxW9zXlNW0X4Tv5X.ufADu3HXLeZa4CZCWapcJoKWz.7Vkq51/Jce','siswa','aktif','1504032701080011','foto.jpg','2021-02-06 21:57:14','2021-02-06 21:57:14'),(278,9,'ANNISA AVRYLIA','siswa61@gmail.com','0000000000000','$2y$10$ln1iPxrl9iMLw2gAXxgRjOwUH18m549NT6rnCb34SSLTPaYsK53dC','siswa','aktif','1504034504070003','foto.jpg','2021-02-06 21:57:14','2021-02-06 21:57:14'),(279,5,'Annisya Febriany','siswa62@gmail.com','0000000000000','$2y$10$JwyRduHUMeTTpBOc91j96OunUA6gcwrD0lk9Ymy3TFtRrxyisBwtW','siswa','aktif','1504035202090001','foto.jpg','2021-02-06 21:57:14','2021-02-06 21:57:14'),(280,8,'ANUGRAH APRIL IBNU RISQI SANTOSO','siswa63@gmail.com','0000000000000','$2y$10$5E48AK1HH2CYCvMUvXTZY.nGSYGb5VSLXrwpRUNVKYIMos0ml6Z4S','siswa','aktif','1504072104080002','foto.jpg','2021-02-06 21:57:14','2021-02-06 21:57:14'),(281,6,'APIP ZULIYANDRI','siswa64@gmail.com','0000000000000','$2y$10$mggKPJtyUQ4nqoRbbwDkludbTlAjEjm2jFiPVChBmBJCZvrC2VP0O','siswa','aktif','1504032908050002','foto.jpg','2021-02-06 21:57:14','2021-02-06 21:57:14'),(282,9,'AQMAL MA\'ARIF ZAYSYTA','siswa65@gmail.com','0000000000000','$2y$10$T2H7JGIRM4r9YR7P6cgzA.e/FT277s5LQZvew.BSX66PTRtou4KAm','siswa','aktif','6402132510070002','foto.jpg','2021-02-06 21:57:14','2021-02-06 21:57:14'),(283,6,'AQSHOL MIKHA ARDANA NURHAKIM ','siswa66@gmail.com','0000000000000','$2y$10$9BnZE2DEY3IBk1IbrYDxIeWbJvPoABEZ5Nx81h2obxIRmyrmH3M7a','siswa','aktif','1504031903060001','foto.jpg','2021-02-06 21:57:14','2021-02-06 21:57:14'),(284,8,'ARDIAN NANDA SYAHPUTRA','siswa67@gmail.com','0000000000000','$2y$10$QGr1MKHjQC33K2i7ydMrH.2h6S9cJQZ4wvHiQUpsdif9mIC0q7BEu','siswa','aktif','1504032505070002','foto.jpg','2021-02-06 21:57:14','2021-02-06 21:57:14'),(285,8,'Aretha Marsal','siswa68@gmail.com','0000000000000','$2y$10$ZGPEWKsw874.94/GaeUsnOx6RrwNjx8p21wjk8mJwgjjNTlhP3BEK','siswa','aktif','1504036908080001','foto.jpg','2021-02-06 21:57:14','2021-02-06 21:57:14'),(286,9,'ARIF PARUBAHAN RAMBE','siswa69@gmail.com','0000000000000','$2y$10$iMkSM0nKO622LoYY12aELeaal5B.DGu3KWM96nhktvXrqYTEE8MSS','siswa','aktif','1504042212080003','foto.jpg','2021-02-06 21:57:14','2021-02-06 21:57:14'),(287,7,'ARIL','siswa70@gmail.com','0000000000000','$2y$10$vZmkMDDMgj2VaYdPoKe0duGPfphjL7TMgfbSFaTBZwvsHiEvAN7KG','siswa','aktif','1504032612060002','foto.jpg','2021-02-06 21:57:14','2021-02-06 21:57:14'),(288,7,'Ariok','siswa71@gmail.com','0000000000000','$2y$10$c8J3LeFvP5V6iUIwarumkO4JALx5xEAcKKb6cH4sHVbCmF3I.Nc32','siswa','aktif','1504030506050006','foto.jpg','2021-02-06 21:57:14','2021-02-06 21:57:14'),(289,7,'Aris saputra','siswa72@gmail.com','0000000000000','$2y$10$mORUdhx3lUYncurtX3o0h.T3Dyg0avjkF1Dy2orWAD5LXhst9Upi6','siswa','aktif','1503062407070001','foto.jpg','2021-02-06 21:57:14','2021-02-06 21:57:14'),(290,5,'Arpandi','siswa73@gmail.com','0000000000000','$2y$10$uG7H7JjSMCEl5AEC72Y7OOEaaLv8brLZvVaxM4n/QPT/Y6akc5V0y','siswa','aktif','1504032402070004','foto.jpg','2021-02-06 21:57:14','2021-02-06 21:57:14'),(291,6,'ARYA BAGUS WIRANATA','siswa74@gmail.com','0000000000000','$2y$10$ydUnzFZ.AOgkqj29W7RVfOoxAQnnYbkb2kKSS8yICV/8z5NCMVLmG','siswa','aktif','1509020408060002','foto.jpg','2021-02-06 21:57:14','2021-02-06 21:57:14'),(292,5,'ARYA BINTANG PRANATA','siswa75@gmail.com','0000000000000','$2y$10$2eJeEIUCdHGo.ZRBKW3ViOGXWHyXcTUqGhQZ5Xopue/fu8wH4bvqq','siswa','aktif','1504042601080001','foto.jpg','2021-02-06 21:57:14','2021-02-06 21:57:14'),(293,7,'ARYA WINATA','siswa76@gmail.com','0000000000000','$2y$10$bJt9X6F.xdo3Qf37W2NBo.bLjfAB2LxYtr85.l4wu3cSiYU15ETCy','siswa','aktif','1504070306060002','foto.jpg','2021-02-06 21:57:14','2021-02-06 21:57:14'),(294,6,'Asih Asmarita','siswa77@gmail.com','0000000000000','$2y$10$bBtvs3rklA8gxZyoNpFexOYm1easR/WASxPb9yvigIetqCziddha.','siswa','aktif','1504075001070003','foto.jpg','2021-02-06 21:57:14','2021-02-06 21:57:14'),(295,5,'Asni','siswa78@gmail.com','0000000000000','$2y$10$aPAiI81m27rqJjiLOZZM/euR3q7ODjfOv/I8L1j.OpEunhl1lkW02','siswa','aktif','1504034703080002','foto.jpg','2021-02-06 21:57:14','2021-02-06 21:57:14'),(296,6,'Asshil Amanullah','siswa79@gmail.com','0000000000000','$2y$10$9OByb/vYmd2zUTRrwK781O85f1K23wu12Q9EXOAn2zqCfEnGjWdiq','siswa','aktif','1504070305070002','foto.jpg','2021-02-06 21:57:14','2021-02-06 21:57:14'),(297,7,'Astuti Putri Pertiwi','siswa80@gmail.com','0000000000000','$2y$10$kDi/Err3IcfPdPvNEPu27OYIKSubqSg3t/7x3igziBQGVx9sVvcLC','siswa','aktif','1504057112030009','foto.jpg','2021-02-06 21:57:14','2021-02-06 21:57:14'),(298,9,'AULIA','siswa81@gmail.com','0000000000000','$2y$10$OjrjSJGSoVpLAY5um9rbFusmYyXtJ/qBlMBSV9OUDUyJvGfoZTo8O','siswa','aktif','1504036403070003','foto.jpg','2021-02-06 21:57:14','2021-02-06 21:57:14'),(299,7,'AULIA MAULADA','siswa82@gmail.com','0000000000000','$2y$10$CdTHBLZ0y69BWD.49qMk2eb1DVxKjqTMdnl3Jlp3pLrfmOeFQZI8q','siswa','aktif','1504034204060002','foto.jpg','2021-02-06 21:57:14','2021-02-06 21:57:14'),(300,8,'AULIA PUTRI FEBRIANTY','siswa83@gmail.com','0000000000000','$2y$10$e7RC2ONcdcQSpA/2z95r9.dslDlX5oec.6udtGv8ELIHLNsvFCCR2','siswa','aktif','1504034202090001','foto.jpg','2021-02-06 21:57:14','2021-02-06 21:57:14'),(301,5,'AYU YULISA','siswa84@gmail.com','0000000000000','$2y$10$XnMNQD0DT5pMlVY1UvCAwOlwybuaxDDmFU27TPyEHBpeterXBqJSK','siswa','aktif','1504036607080002','foto.jpg','2021-02-06 21:57:14','2021-02-06 21:57:14'),(302,7,'AYUNING DELLASHEVA SANTOSA','siswa85@gmail.com','0000000000000','$2y$10$prBB//uOl0RMx7aDm8x6PeLrKGaxrqlgv2.dhIVJQKtDBkPUa1Lo6','siswa','aktif','1504034109060006','foto.jpg','2021-02-06 21:57:14','2021-02-06 21:57:14'),(303,9,'AZRAVI ARAS','siswa86@gmail.com','0000000000000','$2y$10$Tv8DYQEyxjLKlVcwCVi1.eGL1BkDQOEdDYrN/QB3Nnhi2WluGJkjy','siswa','aktif','1504030108080001','foto.jpg','2021-02-06 21:57:14','2021-02-06 21:57:14'),(304,6,'AZZADI ANOM NUGRAHA','siswa87@gmail.com','0000000000000','$2y$10$qLN9cp6rBDl8BMtWrcInMe7BivYb/23nRVd2kgQ51MEU.hBGdexWa','siswa','aktif','','foto.jpg','2021-02-06 21:57:14','2021-02-06 21:57:14'),(305,8,'AZZAHRA CAHAYA NINGRUM','siswa88@gmail.com','0000000000000','$2y$10$8B0ZrS/2YAj5geOI0STPk.jdySs4kTlgF.z.HXJgfMRfvkg7L9zRe','siswa','aktif','1504034106080001','foto.jpg','2021-02-06 21:57:14','2021-02-06 21:57:14'),(306,5,'BAGUS ADI TAUFIQ E','siswa89@gmail.com','0000000000000','$2y$10$BtXf/8fj6CjIewXBhp2wmOviTo5Sv4TicygIPlimzhn1FzZvNGHKS','siswa','aktif','1504082212060002','foto.jpg','2021-02-06 21:57:14','2021-02-06 21:57:14'),(307,7,'BAGUS ARI RAHMAT E','siswa90@gmail.com','0000000000000','$2y$10$BKrCIkPVmAeOlTHoclVBr.3JRx7hQl3Wey2G3gkqD5yFMxmuZXnUu','siswa','aktif','1504082212060001','foto.jpg','2021-02-06 21:57:14','2021-02-06 21:57:14'),(308,5,'BAMBANG PUTRA SETIAWAN','siswa91@gmail.com','0000000000000','$2y$10$zQTp1rNaTlfEfCMlrEQDtOAcSBC5PON8ZbruC5PFBoibv6KAlikLy','siswa','aktif','1504032306070002','foto.jpg','2021-02-06 21:57:14','2021-02-06 21:57:14'),(309,5,'BAYU ANGGARA','siswa92@gmail.com','0000000000000','$2y$10$GhzH2voAOisXmsoDess/GOUzc9JSea6TpO/NKA.rwI4ceFVs/RJX2','siswa','aktif','1606020108050001','foto.jpg','2021-02-06 21:57:14','2021-02-06 21:57:14'),(310,5,'BAYU PAN\'GAMA NST','siswa93@gmail.com','0000000000000','$2y$10$tq4kSVVp4G18R0SMAYka3.eCcRrYWwz0rYR0aFHgudXMVD06cYxJm','siswa','aktif','1407101611060003','foto.jpg','2021-02-06 21:57:14','2021-02-06 21:57:14'),(311,6,'BILLI DAMAR RISKY','siswa94@gmail.com','0000000000000','$2y$10$.oAjSCb.tlipcOt3dg07EuqqXNcrtP27qYIO6Ex/ckHS2IiLAKB1W','siswa','aktif','1504030710080002','foto.jpg','2021-02-06 21:57:14','2021-02-06 21:57:14'),(312,6,'BILQIS SYAFIRA','siswa95@gmail.com','0000000000000','$2y$10$7YtjZa9ZoAwaFt8qUbix..reBmc94Lrc3BSOuhxt393fvab6ThH7y','siswa','aktif','1504036410080002','foto.jpg','2021-02-06 21:57:14','2021-02-06 21:57:14'),(313,7,'Bintang Melati','siswa96@gmail.com','0000000000000','$2y$10$.jxKj0wXjVEbPdfd5.fZ7uON9brzOe/0v83yxSqJepZsckvZP4bjG','siswa','aktif','1503086402080002','foto.jpg','2021-02-06 21:57:14','2021-02-06 21:57:14'),(314,8,'BOBBY HANAFI ALIHENDRA','siswa97@gmail.com','0000000000000','$2y$10$cangHKX4NyQAzz.inRvjceDOb.bHw9IJezDzbb82GWDljWLoZDVJi','siswa','aktif','1504032905080001','foto.jpg','2021-02-06 21:57:14','2021-02-06 21:57:14'),(315,6,'Bunga Meylani Putri','siswa98@gmail.com','0000000000000','$2y$10$j8DTNK8Xy9VvWeyaxfrGMu48mm5u1klgm2xmk8ngndFe1Zg5ZYkam','siswa','aktif','1504034204080003','foto.jpg','2021-02-06 21:57:14','2021-02-06 21:57:14'),(316,7,'BUNGA SARMITA','siswa99@gmail.com','0000000000000','$2y$10$FhwQBUVsKb4SzGIgHtY7QOUF7JQwpNq3DoNgU7VmUSCOKu5z0DLsK','siswa','aktif','1504065503080003','foto.jpg','2021-02-06 21:57:14','2021-02-06 21:57:14'),(317,9,'BUNGA TASYA','siswa100@gmail.com','0000000000000','$2y$10$QGq.3idI19VKcSWHgkm24eZ82PhBZPimFABGsNn0TPR2x4AEFRjxS','siswa','aktif','1371076306050001','foto.jpg','2021-02-06 21:57:14','2021-02-06 21:57:14'),(318,7,'CAHYA AMANDA','siswa101@gmail.com','0000000000000','$2y$10$0iMmHsBv.NqgaYWdACurDeWjx1Y6vAKZLNHM6/u46/3G0nQ.S/NBi','siswa','aktif','1504034606060002','foto.jpg','2021-02-06 21:57:14','2021-02-06 21:57:14'),(319,6,'CALVINO ATHA RAMDHAN','siswa102@gmail.com','0000000000000','$2y$10$ohm9QSdxz1aULiL1ZlLXR.lVxiPEdMcUHnpWJef3EU8hNmeP3V2h.','siswa','aktif','1303050711040003','foto.jpg','2021-02-06 21:57:14','2021-02-06 21:57:14'),(320,7,'Chamalia Artha Efendi','siswa103@gmail.com','0000000000000','$2y$10$WpGNhcZbSTNaZDzugddL8ur7M2.3oWrCoyTICwwdMkY4f50BtLVqq','siswa','aktif','1572016906060002','foto.jpg','2021-02-06 21:57:14','2021-02-06 21:57:14'),(321,8,'CHESYAH NABILAWAN','siswa104@gmail.com','0000000000000','$2y$10$1V9Y4nSYHSfya68uBIlbU.jmJDhFGOBSXCg8Pyq7aysCabtGJ5JzS','siswa','aktif','1504036805080003','foto.jpg','2021-02-06 21:57:14','2021-02-06 21:57:14'),(322,9,'CHRISELLA LEONI SIHITE','siswa105@gmail.com','0000000000000','$2y$10$GOFT.R/W9siv3wjG8UJHAeQGEjoHT7UdZUZv.aO7oIlNoaSa4fqQ6','siswa','aktif','1504035308070001','foto.jpg','2021-02-06 21:57:14','2021-02-06 21:57:14'),(323,6,'CICI PUTRI RAMADHANI','siswa106@gmail.com','0000000000000','$2y$10$/Wkq4QSOlCQ1tBWcyrZuU.n5bneB8AJqP3jqUVfncrZ3S.r/8aD..','siswa','aktif','1504036908040003','foto.jpg','2021-02-06 21:57:14','2021-02-06 21:57:14'),(324,6,'CIELLO OCTAPIN YOKTANO PUTRA','siswa107@gmail.com','0000000000000','$2y$10$Z62omagDEQcNfQzcAhYASO/KSzjZbq7BktZbImCJXdydDzJD775OG','siswa','aktif','1504031010060002','foto.jpg','2021-02-06 21:57:14','2021-02-06 21:57:14'),(325,7,'damar aditya juliyano','siswa108@gmail.com','0000000000000','$2y$10$Im5YqbfxfDaxuuLBiSA/dejqHJNSmHiwijYImsszouxMfnjJvYfPC','siswa','aktif','1504032707070002','foto.jpg','2021-02-06 21:57:14','2021-02-06 21:57:14'),(326,5,'DANANG DANUARTA','siswa109@gmail.com','0000000000000','$2y$10$BMyIDigjNrPfHlsdtTjPtOtdeRVW7oA7IEqxDfe8aIxzxu6ObFOua','siswa','aktif','1504031306080001','foto.jpg','2021-02-06 21:57:14','2021-02-06 21:57:14'),(327,5,'DEA AFRILIA','siswa110@gmail.com','0000000000000','$2y$10$g1bhloNeTWFbclXlpVrcJ.6ATE0020.nSibFCgsMR1Agp5jnazR1K','siswa','aktif','1504035606060001','foto.jpg','2021-02-06 21:57:14','2021-02-06 21:57:14'),(328,5,'DEA BELLA RAMADHANI','siswa111@gmail.com','0000000000000','$2y$10$TpXrBk26xF1Wu0J0knEf8.Ceum85yK.GqM98Nd1rTSM.9d7AKsW3u','siswa','aktif','1504074410070002','foto.jpg','2021-02-06 21:57:14','2021-02-06 21:57:14'),(329,8,'DEA GUSMA WATI','siswa112@gmail.com','0000000000000','$2y$10$YlqP1led5huFwsaOTgLJXux7XkM0xebaLHpqXl8OzqLcTd0k.WcqG','siswa','aktif','1504035510080000','foto.jpg','2021-02-06 21:57:14','2021-02-06 21:57:14'),(330,5,'DEA MARISKA','siswa113@gmail.com','0000000000000','$2y$10$Vn.jJhpn/8BXx4StJL815eFUIaHcWhvhAONR5alOuH95FfJhSWW4e','siswa','aktif','1504036706060005','foto.jpg','2021-02-06 21:57:14','2021-02-06 21:57:14'),(331,8,'DECA YULIA','siswa114@gmail.com','0000000000000','$2y$10$EQ6lIgmzmAofA2VsMl3Rdu1XdfCbwhc6yv6DCsB8jvrQGp2a6hVUC','siswa','aktif','1504036202081001','foto.jpg','2021-02-06 21:57:14','2021-02-06 21:57:14'),(332,6,'Dede sania','siswa115@gmail.com','0000000000000','$2y$10$CXR3IkQ4UPmvoUaqHHPYPudoNUj9oCNXThMLg14xBGa09ILtMmYbC','siswa','aktif','1504037006080004','foto.jpg','2021-02-06 21:57:14','2021-02-06 21:57:14'),(333,9,'DELA AFRILIA','siswa116@gmail.com','0000000000000','$2y$10$cg41ETK5HxHyiT1WCPwZduzGBYp9MzjyPlbX9kC8kpja4nn8uGnpq','siswa','aktif','1504036604060002','foto.jpg','2021-02-06 21:57:14','2021-02-06 21:57:14'),(334,9,'DELLA KENDALIAN','siswa117@gmail.com','0000000000000','$2y$10$3E06YufgduOCFgnI5nZTd.2aSvp1bzRD6GGSRD/gzmh.WiNX6.TMO','siswa','aktif','1504037112070003','foto.jpg','2021-02-06 21:57:14','2021-02-06 21:57:14'),(335,7,'DELPIERO FAJRI','siswa118@gmail.com','0000000000000','$2y$10$TMQ4PYz2/qBFH7oNM8kslO9ir7SS2ndpyK8PxTqyoUulyjfCj.Y7O','siswa','aktif','1504030507060002','foto.jpg','2021-02-06 21:57:14','2021-02-06 21:57:14'),(336,6,'Deni Ardiansyah Simamora','siswa119@gmail.com','0000000000000','$2y$10$hGn.YYM3sadqPnoOPD/FGu2Ry5SuhY6B8k7TJ48CyjArzg7ZIiQMa','siswa','aktif','1203120407060001','foto.jpg','2021-02-06 21:57:14','2021-02-06 21:57:14'),(337,6,'Deni Mustofa','siswa120@gmail.com','0000000000000','$2y$10$bLQ78IBM3dmZT9kAqnPz9OZStX67Sb79BfygFlp1fAiIBR2/0qSMW','siswa','aktif','1504031106060004','foto.jpg','2021-02-06 21:57:14','2021-02-06 21:57:14'),(338,5,'DEPY','siswa121@gmail.com','0000000000000','$2y$10$rum.3b4s19I//93u18ddX.llSR5HolsRVn.vI3sZGPujmB/2owPe2','siswa','aktif','1504035112050005','foto.jpg','2021-02-06 21:57:14','2021-02-06 21:57:14'),(339,8,'DESI RATNASARI','siswa122@gmail.com','0000000000000','$2y$10$CIBuIarF9p.mvGCK6wkk2OEibMZyfUy8VByYuHLiwumwtRcnmg5nO','siswa','aktif','1504066404070002','foto.jpg','2021-02-06 21:57:14','2021-02-06 21:57:14'),(340,9,'DETA AFRIANTA','siswa123@gmail.com','0000000000000','$2y$10$K757VjosMrGztfPeDXU/tuNbaYDARiml5wHpWerRpQBYYV66avWUW','siswa','aktif','1504031404058002','foto.jpg','2021-02-06 21:57:14','2021-02-06 21:57:14'),(341,9,'Dewi Ratna Dumila','siswa124@gmail.com','0000000000000','$2y$10$wylXymQNCDeBJ4L1uxLbYu9lFRcMqDLN5bwFEXOGDABymmDeTsFRW','siswa','aktif','1504036204080004','foto.jpg','2021-02-06 21:57:14','2021-02-06 21:57:14'),(342,5,'Dhea Aprilia Eka Wardani','siswa125@gmail.com','0000000000000','$2y$10$x2cY2gK66fW6lH1LdyMVS.uiFYq149DgN5Xq/q1bP.BJf/EhThowi','siswa','aktif','1504076904080001','foto.jpg','2021-02-06 21:57:14','2021-02-06 21:57:14'),(343,8,'DIAN','siswa126@gmail.com','0000000000000','$2y$10$qdbfIGjzWPmvNhCOR53IhOXxHHZiYtfdxS.hgHASBQIRjt.hIMyDa','siswa','aktif','1504035009060001','foto.jpg','2021-02-06 21:57:14','2021-02-06 21:57:14'),(344,6,'DIAN PRATAMA CHANDRA','siswa127@gmail.com','0000000000000','$2y$10$zmKqJXPFyqC0ab0HA3KKxu/QIymFkUOD9BQgCZ9WLRQrrMgk/Jq2C','siswa','aktif','1504021508060002','foto.jpg','2021-02-06 21:57:14','2021-02-06 21:57:14'),(345,9,'DIANDRA NUGRAHA','siswa128@gmail.com','0000000000000','$2y$10$SjdjlMIi.0zNf/1xx9wieuPRYvc5O3vLjcNhm5jvmScsFJNipMwzi','siswa','aktif','1571030803070041','foto.jpg','2021-02-06 21:57:14','2021-02-06 21:57:14'),(346,8,'Dimas Aditya Subhi','siswa129@gmail.com','0000000000000','$2y$10$K8JVZppGvtN7WKvbz.DRW.rDO686c3WUNyfwZ7Ic9MTfWL7E6DPCC','siswa','aktif','1504031610060003','foto.jpg','2021-02-06 21:57:14','2021-02-06 21:57:14'),(347,5,'DIMAS IMANULLAH','siswa130@gmail.com','0000000000000','$2y$10$u.Qji8a1Bq8O9ATfBxppdOK9dGvu4cu6ZZUAmr72q/aamOgqHf0ra','siswa','aktif','1504031408060001','foto.jpg','2021-02-06 21:57:14','2021-02-06 21:57:14'),(348,8,'DIMAS PRASETYA RAMADHAN','siswa131@gmail.com','0000000000000','$2y$10$Nfl7CZh0oWtsszgAq0giEuFle1KUFbnC3ViE4.4USmeVPLtJg7Qx.','siswa','aktif','1504032409060003','foto.jpg','2021-02-06 21:57:14','2021-02-06 21:57:14'),(349,7,'DINA CHRISTINA SIANIPAR','siswa132@gmail.com','0000000000000','$2y$10$qEQx.Rq1HXUd7MAbPiqLMukj7I82.OhKi4qCvqJEAvLeXTZ3JBuRW','siswa','aktif','1504086207060002','foto.jpg','2021-02-06 21:57:14','2021-02-06 21:57:14'),(350,9,'Dina Juliandari','siswa133@gmail.com','0000000000000','$2y$10$LS5RF63NOWj3Xttx7tOWk.r09l5nmzztpufHtZcCHkBK0myAlOQ4O','siswa','aktif','1504036705050002','foto.jpg','2021-02-06 21:57:14','2021-02-06 21:57:14'),(351,8,'DINDA KHOIRUL NISA','siswa134@gmail.com','0000000000000','$2y$10$osQ9TZYxIGNKmoE9JNwMFedFlXSpAKrUG1fMa961nSm/8Vuh/XhQW','siswa','aktif','1504016301060001','foto.jpg','2021-02-06 21:57:14','2021-02-06 21:57:14'),(352,9,'Dinda Laila Ika Mardiana','siswa135@gmail.com','0000000000000','$2y$10$5hVAoGrtTqTX2eCBth/ta.2wuh3J4GyP.fR2zlhSk8rtDOoriySma','siswa','aktif','1503067003060001','foto.jpg','2021-02-06 21:57:14','2021-02-06 21:57:14'),(353,6,'DIPA PUTRA RAMADHAN','siswa136@gmail.com','0000000000000','$2y$10$fYsR6PraN1iS8wKnVCSEM.StQHk19WaPLkYVaw9bKjrrdF8.HjcAK','siswa','aktif','1504032710050001','foto.jpg','2021-02-06 21:57:14','2021-02-06 21:57:14'),(354,8,'DIYAN HAIYIRANI','siswa137@gmail.com','0000000000000','$2y$10$8NqSACDC.DXqe.HprzbV3O.KttydlGVHfD2gSsUiQ8XkAJ1lJREiG','siswa','aktif','1504035403090001','foto.jpg','2021-02-06 21:57:14','2021-02-06 21:57:14'),(355,8,'DWI PUTRI LESTARI','siswa138@gmail.com','0000000000000','$2y$10$PLYEwaHDZBKfX2j5ZU1MQulQxJ.88DmB/GV.HW7CRDyfruL8g092e','siswa','aktif','1504035005080006','foto.jpg','2021-02-06 21:57:14','2021-02-06 21:57:14'),(356,5,'ECHA RIANI SINAGA','siswa139@gmail.com','0000000000000','$2y$10$9am2COUhYSmXKUIoq7RtVus64lXJ61ZBkfub17nvx8BSRfue.dTva','siswa','aktif','1504035508080002','foto.jpg','2021-02-06 21:57:14','2021-02-06 21:57:14'),(357,7,'EFARWASI','siswa140@gmail.com','0000000000000','$2y$10$vAbOrtg5.HE0rKhmNCcdxuWaSosZgPqmnVvtE2aQgifDHrFkphhcy','siswa','aktif','1504032201060001','foto.jpg','2021-02-06 21:57:14','2021-02-06 21:57:14'),(358,7,'Egit andrian mandala','siswa141@gmail.com','0000000000000','$2y$10$lrD/GtAUzmaVFk2g5kPOz.eF60DByJJJn4d6IDd14EDNG7ul1xh1G','siswa','aktif','1503060308060001','foto.jpg','2021-02-06 21:57:14','2021-02-06 21:57:14'),(359,6,'Eka Amelia','siswa142@gmail.com','0000000000000','$2y$10$YT80gmNsQupCBRVg4IrKYucR7Bva11j8YcbLbTvWYFV8cDe1mAHOq','siswa','aktif','1504074205060001','foto.jpg','2021-02-06 21:57:14','2021-02-06 21:57:14'),(360,6,'EKA SEPTIA NINGSIH ','siswa143@gmail.com','0000000000000','$2y$10$rE5DQhGIRP3ZYmij9K5zWeb4ItWIOOOpS3vHL08iQksPZvocxqigq','siswa','aktif','1504035309060001','foto.jpg','2021-02-06 21:57:14','2021-02-06 21:57:14'),(361,8,'ELGA YUNIAR','siswa144@gmail.com','0000000000000','$2y$10$oI/SaDQPamQ1B8EnuWrvx.B/dZfrFZL4WxbD9LVFxkRv9jbDmp.TO','siswa','aktif','1504034206080001','foto.jpg','2021-02-06 21:57:14','2021-02-06 21:57:14'),(362,5,'ELLA EISIA MUNAS','siswa145@gmail.com','0000000000000','$2y$10$s.DPrlLJbxUs7fq3P9K6nO7rxg.pAzC3xCkPoI9ilJgvAc75OgCKW','siswa','aktif','1504035306070001','foto.jpg','2021-02-06 21:57:14','2021-02-06 21:57:14'),(363,9,'Elsa Mei Enjelina','siswa146@gmail.com','0000000000000','$2y$10$7Z7sA7KC2hXaqOzp.NoebOtf9X5wkUZYGGiYhqI5ha27MWJ9nBCGC','siswa','aktif','1504084105060001','foto.jpg','2021-02-06 21:57:14','2021-02-06 21:57:14'),(364,8,'EMA YULIANDA ANANDA','siswa147@gmail.com','0000000000000','$2y$10$ZxDOYv4buTHMBPSBvQkpjey7boEYij4a8vYdRKozZXJ7AP7gov6N2','siswa','aktif','1504036303060002','foto.jpg','2021-02-06 21:57:14','2021-02-06 21:57:14'),(365,5,'EMILDA MARTIN','siswa148@gmail.com','0000000000000','$2y$10$KxeHbcUs1/6IjhSK0471R.QUlpsnKBxr4B7fNQuVWwCyGI.sPcuea','siswa','aktif','1502044404070001','foto.jpg','2021-02-06 21:57:14','2021-02-06 21:57:14'),(366,6,'ERICSYAH DIMANTRI','siswa149@gmail.com','0000000000000','$2y$10$8woQ2rIfiK8Gs8yLUsTGXugqteWC.vqbc7QNPO7A1A8GaR4PQRecG','siswa','aktif','1504071903060001','foto.jpg','2021-02-06 21:57:14','2021-02-06 21:57:14'),(367,7,'ERLANGGA','siswa150@gmail.com','0000000000000','$2y$10$5kme5m9C3gVAQ8K8/WWGsuEaJ.JvP0Vqx.FaPvoaKdLj6AzAMb0LG','siswa','aktif','1504031610070002','foto.jpg','2021-02-06 21:57:14','2021-02-06 21:57:14'),(368,5,'FADHUL ROHIM ALHAKIM','siswa151@gmail.com','0000000000000','$2y$10$1Wi84xdeZiX2OkGJviT.D.LICnVwfKV1Sj6kLzIT9ks9Be2BzbDSC','siswa','aktif','1504030505080003','foto.jpg','2021-02-06 21:57:14','2021-02-06 21:57:14'),(369,8,'FADIA RUNI PRABANDARI','siswa152@gmail.com','0000000000000','$2y$10$nx3RrWDcB/FM32CaGuXOkeaJx0N3TYmhRO5OEPYiGbQlTMjvsFj3S','siswa','aktif','1504035203080002','foto.jpg','2021-02-06 21:57:14','2021-02-06 21:57:14'),(370,7,'Fadilah Rahma Dani','siswa153@gmail.com','0000000000000','$2y$10$7bOPbn0dDqpK4wHQM69QMuJyOZP1Rjgt5GYRT0SwkpZr8wA/jZysu','siswa','aktif','1504034310070004','foto.jpg','2021-02-06 21:57:14','2021-02-06 21:57:14'),(371,6,'FADILATUNNISYA','siswa154@gmail.com','0000000000000','$2y$10$f.lJE.oMJcCIilAQE4vf3.jaI8CLMSnwNo9O4HN3HydtE1ZBxV3.G','siswa','aktif','1506026511080001','foto.jpg','2021-02-06 21:57:14','2021-02-06 21:57:14'),(372,5,'Faizal Ananta','siswa155@gmail.com','0000000000000','$2y$10$5jJSqYrbu8CkzGAn9PDPCux7JrVtnNi26CcXv0ctfc4tlmOo7vtSS','siswa','aktif','1504032412070003','foto.jpg','2021-02-06 21:57:14','2021-02-06 21:57:14'),(373,5,'FAJRI AULIA','siswa156@gmail.com','0000000000000','$2y$10$LNxoOzBdG5iNnsYdrdm6KueEdGUIfDf3sOmEn3Yq1SY.fJMy9wjk2','siswa','aktif','1504030511050001','foto.jpg','2021-02-06 21:57:14','2021-02-06 21:57:14'),(374,6,'FAJRI FEBRIANDI','siswa157@gmail.com','0000000000000','$2y$10$aMlG6qXVpcxRpZ2ZkS8Z3OeVTfeC7lNh4Q2f2b3HoTtWkVVpz/NQ2','siswa','aktif','1504030802070001','foto.jpg','2021-02-06 21:57:14','2021-02-06 21:57:14'),(375,9,'FAJRI NUR IMAN','siswa158@gmail.com','0000000000000','$2y$10$l7MwY.ICkrdGtwtPZzzsTuKtew9TJo9dE1WjKrWzgrxqwGBZFbqZO','siswa','aktif','1504031705080003','foto.jpg','2021-02-06 21:57:14','2021-02-06 21:57:14'),(376,5,'FANDI TRI ANDIKA','siswa159@gmail.com','0000000000000','$2y$10$chNiRrKkji9dsjSUHn9Nnu963bFTASBVnL6ruuVDd1WSbMtwh8QPG','siswa','aktif','1503062905060001','foto.jpg','2021-02-06 21:57:14','2021-02-06 21:57:14'),(377,5,'FAQIHA TUZZAHRA SAFA\'ATTI','siswa160@gmail.com','0000000000000','$2y$10$w.XQ5hZbez6mylIR3ebGvej8oSX4neiIh1zstl9ciA9WZnfNZyI56','siswa','aktif','1504035304060003','foto.jpg','2021-02-06 21:57:14','2021-02-06 21:57:14'),(378,7,'FARISA AUDIA PITRI','siswa161@gmail.com','0000000000000','$2y$10$kKPXtBQO6zur6oun3rxCEesWeaGSR2qJO.IAOyXtwD8ozW5WIKzSS','siswa','aktif','1504045010070001','foto.jpg','2021-02-06 21:57:14','2021-02-06 21:57:14'),(379,8,'FAUZAN MALDIANSYAH','siswa162@gmail.com','0000000000000','$2y$10$fvsnnV9zEA6mevy6uV22s./03kU8jPM9EHQbPiIc1KDuFi5BOwrwW','siswa','aktif','1301080712060006','foto.jpg','2021-02-06 21:57:14','2021-02-06 21:57:14'),(380,9,'Fawwaz Khalid','siswa163@gmail.com','0000000000000','$2y$10$47gdSD01xmmINZ2F6KA7CO.CxYhaTtEeB3bL7LLcCXQleMZOWcZU2','siswa','aktif','1504031001080001','foto.jpg','2021-02-06 21:57:14','2021-02-06 21:57:14'),(381,6,'FEBBI TRI WULANDARI','siswa164@gmail.com','0000000000000','$2y$10$n9G2jkuiO7HeRML6uROjTOXAdASuzeIrbiwtMeu/TE5QLSkJH3AOi','siswa','aktif','1504034402070004','foto.jpg','2021-02-06 21:57:14','2021-02-06 21:57:14'),(382,7,'Fera Suryani','siswa165@gmail.com','0000000000000','$2y$10$He3HY9h7bO6dZriLfMha6OEoeZekVlkIJ.efMJ20M1XvFfoZRwv9u','siswa','aktif','1504035303030002','foto.jpg','2021-02-06 21:57:14','2021-02-06 21:57:14'),(383,7,'FIRLAZZI','siswa166@gmail.com','0000000000000','$2y$10$GtvqO88PJc1K761Sg8VLXOk2WzQGKZcV443ZRQdYqbYhLdoOvqXnG','siswa','aktif','1504034402070004','foto.jpg','2021-02-06 21:57:14','2021-02-06 21:57:14'),(384,8,'FITO SAPUTRA','siswa167@gmail.com','0000000000000','$2y$10$rd5GD5saHAvF7SbIQwcusOC0k/5qqwRi8pZDg4bZeRdgxG.qusNUW','siswa','aktif','1504031507060001','foto.jpg','2021-02-06 21:57:14','2021-02-06 21:57:14'),(385,8,'FITRI ADININGSIH','siswa168@gmail.com','0000000000000','$2y$10$WXurNas8Tp87o2WCJ3G9FunVstbH3Gd7kQ6Gu4TSVE98kPvQnnU36','siswa','aktif','1504035710070001','foto.jpg','2021-02-06 21:57:14','2021-02-06 21:57:14'),(386,7,'FITRI DWI OKTAVIA','siswa169@gmail.com','0000000000000','$2y$10$1IHkm2F9k0uFufSeYqHmzOhBNCc/bmBYuRiHsH1MhbvRlN4SnMfxK','siswa','aktif','1504035610070001','foto.jpg','2021-02-06 21:57:14','2021-02-06 21:57:14'),(387,7,'GABBRIELLA MAHARANI ALLYARA','siswa170@gmail.com','0000000000000','$2y$10$dzVlkBc3qMGwNhktfmJEqOs8SqYfgsMzRYBpeuZNtWj17Bsx/S2Oy','siswa','aktif','1375036308070001','foto.jpg','2021-02-06 21:57:14','2021-02-06 21:57:14'),(388,8,'GAFIYAN FIRMANSYAH','siswa171@gmail.com','0000000000000','$2y$10$w3eGitSAGFLNMrVmKt3pDONCIBE8kiEtvyhDqLjomBQHojvJUhxjW','siswa','aktif','1504030407070005','foto.jpg','2021-02-06 21:57:14','2021-02-06 21:57:14'),(389,7,'Galang Ramadhan','siswa172@gmail.com','0000000000000','$2y$10$q6nNyzWj/SKVCiOB9PJsZO3087/7paDd2Woyu2Gze.IF1RQAgrWmu','siswa','aktif','1504032308060002','foto.jpg','2021-02-06 21:57:14','2021-02-06 21:57:14'),(390,8,'GANTASA RISKY RAMADHAN','siswa173@gmail.com','0000000000000','$2y$10$Pa21Y/TadVtNhq2A4bhM8OThbJJWQC/LhzJ0xJ8GNzYp3msUZCSom','siswa','aktif','1504032409060002','foto.jpg','2021-02-06 21:57:14','2021-02-06 21:57:14'),(391,5,'GARA DWI PUTRA','siswa174@gmail.com','0000000000000','$2y$10$D.ZcLs5FobGr6q1FQpVybui6xAvVPNWeWDEsX72wh5KXuPWOHwon.','siswa','aktif','1504032901070001','foto.jpg','2021-02-06 21:57:14','2021-02-06 21:57:14'),(392,8,'GILANG','siswa175@gmail.com','0000000000000','$2y$10$iBT3YEqg33m.ShWMTbdlNe3gAMFJPaodZfjkZoeFzSeVRedwTXf4u','siswa','aktif','1571010703080121','foto.jpg','2021-02-06 21:57:14','2021-02-06 21:57:14'),(393,5,'Gilang Idha Riansyah','siswa176@gmail.com','0000000000000','$2y$10$RsjI/tt/mCwYQjcWRaBNrOr41b3SpJ4g/wp5/y4/RzOaOs.hd7YDu','siswa','aktif','1504031812080002','foto.jpg','2021-02-06 21:57:14','2021-02-06 21:57:14'),(394,8,'GIO FRANSETIADI','siswa177@gmail.com','0000000000000','$2y$10$0fn7hAyPGcqHJDqXZBtFIuZHs32ZxPfytxzJHxYeRFqC40GUDNs1C','siswa','aktif','1504072610070002','foto.jpg','2021-02-06 21:57:14','2021-02-06 21:57:14'),(395,5,'GITA ZAHARA PRISILVIA','siswa178@gmail.com','0000000000000','$2y$10$2JRnrf/V9nt.I983crgKQ.EGLd7DuXopWYjDJy84uDf8u6qMIwwne','siswa','aktif','1504037001080001','foto.jpg','2021-02-06 21:57:14','2021-02-06 21:57:14'),(396,7,'GRISELDIS ZALVA VERNANDA','siswa179@gmail.com','0000000000000','$2y$10$oPtk9fknRNOwyZ3vxm4rpuS1c0z21Ia3yRFjx0t9Rau93WF7Q1/wK','siswa','aktif','1504036508060001','foto.jpg','2021-02-06 21:57:14','2021-02-06 21:57:14'),(397,9,'Gustiani Ratna Ningsih','siswa180@gmail.com','0000000000000','$2y$10$2orTCS87/URtabCBXqp9HueWrui3738B8TdzqSf1ENKDneywT6zDW','siswa','aktif','1571015208060001','foto.jpg','2021-02-06 21:57:14','2021-02-06 21:57:14'),(398,5,'HABEL CRISTOFER ADAM SIMANGUNSONG','siswa181@gmail.com','0000000000000','$2y$10$WmcXOuFIgRXdEk.8jwvsn.zkCrDmUOJdY/hFn0Qucllq3Zo8XQmKm','siswa','aktif','1209081804070004','foto.jpg','2021-02-06 21:57:14','2021-02-06 21:57:14'),(399,6,'HABIBBURAHMAN ASHSHIDDIQI TJ ','siswa182@gmail.com','0000000000000','$2y$10$U067gxM/yYE5Yf1qLMFQouCPg.6AJ92Fr6k5rGUpyCpdZZM1aEDRG','siswa','aktif','1504032806060002','foto.jpg','2021-02-06 21:57:14','2021-02-06 21:57:14'),(400,5,'HABSY AL ZAIRI','siswa183@gmail.com','0000000000000','$2y$10$8ejyIeHQBMBVESCRgj4h.uCyDFIXDDK6TGkA1cK8Xu38BlrxsOY.K','siswa','aktif','1504032303070004','foto.jpg','2021-02-06 21:57:14','2021-02-06 21:57:14'),(401,8,'HANDIKA DWI PRASETYO','siswa184@gmail.com','0000000000000','$2y$10$cdpw9El6Kg3lZhLHgQ5Wfu9xAyRFTw2vjlROztpajA.6mezfxXDtG','siswa','aktif','1504032711050001','foto.jpg','2021-02-06 21:57:14','2021-02-06 21:57:14'),(402,9,'HANI\'A MAR\'IYAH','siswa185@gmail.com','0000000000000','$2y$10$5JHzdfkUW7JRkfwmwFs58ejNYaCIBqEBEYqwK48VjIij2N0JQvX5K','siswa','aktif','1508064306070003','foto.jpg','2021-02-06 21:57:14','2021-02-06 21:57:14'),(403,7,'HANIFA AROFATUN RAHMA','siswa186@gmail.com','0000000000000','$2y$10$i5W/3OV71DAuYdJHCsVLmeXoSoYQqRHMzW1uiXDD36.k6O078IL7K','siswa','aktif','1504035912070001','foto.jpg','2021-02-06 21:57:14','2021-02-06 21:57:14'),(404,5,'HASYIFA NAILUL AUTHOL','siswa187@gmail.com','0000000000000','$2y$10$Jlsb/BwifCp6BkANTSXso.BwWE8qleskj.CKU2WrhTu91EMOdr0gy','siswa','aktif','1504034108060001','foto.jpg','2021-02-06 21:57:14','2021-02-06 21:57:14'),(405,7,'HAT DIANA ','siswa188@gmail.com','0000000000000','$2y$10$clfEbDqC5IOTP4Ut4Pb9geeBvKYln4orEfl8kAiG1mV9W6ZAdSDHW','siswa','aktif','1504035606060003','foto.jpg','2021-02-06 21:57:14','2021-02-06 21:57:14'),(406,6,'HENDAH KURNIASIH','siswa189@gmail.com','0000000000000','$2y$10$1FRtn2OYkbnrE9uFPHH8l.9IxAOSN.qLWNQkfMHoV3D5R9gcjhuj.','siswa','aktif','1504030847010700','foto.jpg','2021-02-06 21:57:14','2021-02-06 21:57:14'),(407,5,'HENDRI SEPTIAWAN','siswa190@gmail.com','0000000000000','$2y$10$c0oNQED/aBe0Q1IHONoHaugnsUJDbfVwzH9ch.IepDqjXcWuYZY2e','siswa','aktif','1504032410050002','foto.jpg','2021-02-06 21:57:14','2021-02-06 21:57:14'),(408,8,'HESTI NURPRATIWI','siswa191@gmail.com','0000000000000','$2y$10$cLrbtbVizLC.dmQMy7UuRecqo.bdwlxMQ618bwN8aKhgFFrgH95xW','siswa','aktif','1509114601080001','foto.jpg','2021-02-06 21:57:14','2021-02-06 21:57:14'),(409,5,'IGUSTINALIA PUTRI','siswa192@gmail.com','0000000000000','$2y$10$UVXg48iSG03Bwh/WiuBnX.5ETJgvtCYCwujNZRAMlkI1oOhMkFC4i','siswa','aktif','1504031808070004','foto.jpg','2021-02-06 21:57:14','2021-02-06 21:57:14'),(410,6,'IMAM AKBAR OKTA BERLIANTO','siswa193@gmail.com','0000000000000','$2y$10$oCNGHloo9DVQSXwpnbqv.u/VkKXYDKVKiS6qc9MaqGm9/BxN6FdG6','siswa','aktif','1504031310060002','foto.jpg','2021-02-06 21:57:14','2021-02-06 21:57:14'),(411,7,'Indah Lestari','siswa194@gmail.com','0000000000000','$2y$10$OVH9fEexYCFnTL6rcmlJYOI9eLGSxf95GE2AqrsWGlrI.knu3Rx7O','siswa','aktif','1504076004050004','foto.jpg','2021-02-06 21:57:14','2021-02-06 21:57:14'),(412,5,'INDAH SURANJANI','siswa195@gmail.com','0000000000000','$2y$10$AQ08v9PDmr1k2qFYhff2hO4Y.3sRePL62fYL.bqAakhGFBwYKd9.6','siswa','aktif','1504034502070004','foto.jpg','2021-02-06 21:57:14','2021-02-06 21:57:14'),(413,7,'INDRA ANRIA','siswa196@gmail.com','0000000000000','$2y$10$g9JHi5TUowPBDX16hIFGFOcQk.EjsNc7IIr/pj5mp1Reeks.LWLPG','siswa','aktif','1504031403060001','foto.jpg','2021-02-06 21:57:14','2021-02-06 21:57:14'),(414,5,'INDRA DWI JAYA','siswa197@gmail.com','0000000000000','$2y$10$bdfwSV/k3HCfHsCQErNRG.1wGcdYlu96jz18zCKHZm8VUUqHKjQmS','siswa','aktif','1504031568060002','foto.jpg','2021-02-06 21:57:14','2021-02-06 21:57:14'),(415,7,'indra gunawan','siswa198@gmail.com','0000000000000','$2y$10$PgyfIw5zemYfF2G51c0ZweoKsvmJ14BK9ZMuGWy5doccwD/MIWsBG','siswa','aktif','1504030710070003','foto.jpg','2021-02-06 21:57:14','2021-02-06 21:57:14'),(416,8,'INDRA SETIAWAN','siswa199@gmail.com','0000000000000','$2y$10$ieUl979xvFMfiUu4wCQVnusDE5jGmmgvRf763Nl9jvSw1ZPzb.LIS','siswa','aktif','1504031608070001','foto.jpg','2021-02-06 21:57:14','2021-02-06 21:57:14'),(417,5,'INE SILA ADHA','siswa200@gmail.com','0000000000000','$2y$10$WEOYMSjz0iRPZYQhwKF//uDJjeVGKsodwGeGJoZ2L1.fJKhs5Vh.m','siswa','aktif','1504034812090001','foto.jpg','2021-02-06 21:57:14','2021-02-06 21:57:14'),(418,7,'Intan Permatasari','siswa201@gmail.com','0000000000000','$2y$10$1Vh9RGtRjva4a.n7jPF/HukuCmuZbPrNaPT/d92Ip4Gg8TMyVPP5O','siswa','aktif','1504036507080001','foto.jpg','2021-02-06 21:57:14','2021-02-06 21:57:14'),(419,7,'Intan Sofia Amanda','siswa202@gmail.com','0000000000000','$2y$10$P9sTeT6peWTRmJt5BZvo5.SY74tw91BgcqojT.TwvcIxNwtDhq3A2','siswa','aktif','1504036004060001','foto.jpg','2021-02-06 21:57:14','2021-02-06 21:57:14'),(420,5,'IRSAL MUSADDIK','siswa203@gmail.com','0000000000000','$2y$10$tVt/WSlGuwY5dIcgcmkzJ.iaf/YHoRrhaSmvex7jfMbUxNy.ELNzC','siswa','aktif','1504033112060003','foto.jpg','2021-02-06 21:57:14','2021-02-06 21:57:14'),(421,5,'ISMY DARYANI','siswa204@gmail.com','0000000000000','$2y$10$ilUzl1u9kv1RnLWVjUEEXumNBgoFkyVhPcRn2ef5GbU6lRvasRJSy','siswa','aktif','1504036903070001','foto.jpg','2021-02-06 21:57:14','2021-02-06 21:57:14'),(422,7,'JANNATUN TRI ARDIANSYAH','siswa205@gmail.com','0000000000000','$2y$10$5czdNCv/wySh6QmFFJ.bh.J9psumlmsc1EzmKb.cbLSu1qAvmcxQ2','siswa','aktif','1504032907090010','foto.jpg','2021-02-06 21:57:14','2021-02-06 21:57:14'),(423,9,'Jaya Asep Saputra','siswa206@gmail.com','0000000000000','$2y$10$A04NWKhSrcI4lzF/wdXWbeEUM85oGHqOMAEYwW7OlIovbrt7WxOLC','siswa','aktif','1504032904060001','foto.jpg','2021-02-06 21:57:14','2021-02-06 21:57:14'),(424,9,'JERI OKA GIODATUS','siswa207@gmail.com','0000000000000','$2y$10$PMeyYy7jJtWy7pgzYFOVWeaNyGAzegyIszXBkABhae5cG/t/ZgTI.','siswa','aktif','1504030910050003','foto.jpg','2021-02-06 21:57:14','2021-02-06 21:57:14'),(425,9,'JIHAN FIRDAUS ABDULLAH','siswa208@gmail.com','0000000000000','$2y$10$Pw819HLrr2sg5hMpug/8defRPxnb3Abh4CDCKGYWdQa8T1lbAFuAu','siswa','aktif','1504032709080002','foto.jpg','2021-02-06 21:57:14','2021-02-06 21:57:14'),(426,6,'Jodi Jopian Wibisana','siswa209@gmail.com','0000000000000','$2y$10$wPkA.LksFv5pXpkfSVHd0OYmLrlHnRgWIm5ywo.FFh.kjJhbRcK/.','siswa','aktif','1504032808070002','foto.jpg','2021-02-06 21:57:14','2021-02-06 21:57:14'),(427,5,'Jodi Saputra','siswa210@gmail.com','0000000000000','$2y$10$zuOCIXw1K6dSNeQZttWtsum86lKa9he8K0NtBGPecY512krQY3AXe','siswa','aktif','1504030405060001','foto.jpg','2021-02-06 21:57:14','2021-02-06 21:57:14'),(428,9,'JUANDA AL AMIN','siswa211@gmail.com','0000000000000','$2y$10$Cuuv225csqdN.wrUg4KPv.1LbfaPz85cLgEzKPo7IZpUq1gOXSMQC','siswa','aktif','1509031707080002','foto.jpg','2021-02-06 21:57:14','2021-02-06 21:57:14'),(429,9,'JULIA FIKTRIANTI','siswa212@gmail.com','0000000000000','$2y$10$Y7Hpl5RH5Sz3bf96idV9a.QXBndWcaQe94d4Kg40U.kvmtb92J7Jq','siswa','aktif','1502167007070002','foto.jpg','2021-02-06 21:57:14','2021-02-06 21:57:14'),(430,6,'JULIAN PRATAMA','siswa213@gmail.com','0000000000000','$2y$10$BaIpF4roa/WbuNvUsgbEieDpTCUbxHmJuJkQQgEqSetv7mDiRpGL.','siswa','aktif','1504032007080002','foto.jpg','2021-02-06 21:57:14','2021-02-06 21:57:14'),(431,6,'JUMAIYAH ','siswa214@gmail.com','0000000000000','$2y$10$.GuWXDSY2okp.nZ/K7JFjunHyQe9QZj044r1ZTqNSoBY72DOAqrge','siswa','aktif','1504034601060006','foto.jpg','2021-02-06 21:57:14','2021-02-06 21:57:14'),(432,8,'JUNITA SETIANINGRUM','siswa215@gmail.com','0000000000000','$2y$10$Wl.5wa29/HBRCF0JCMmBjue.Vr533TMjhQHOKqNQfecYjrB3QqdzS','siswa','aktif','1504035506070002','foto.jpg','2021-02-06 21:57:14','2021-02-06 21:57:14'),(433,9,'JUWITA SARI','siswa216@gmail.com','0000000000000','$2y$10$AghAbkK6mnXqE4CWzsXxVuABasWsmnIZ9Bm28s.XaMx5p1yY2FX9.','siswa','aktif','1504035805060003','foto.jpg','2021-02-06 21:57:14','2021-02-06 21:57:14'),(434,9,'KARINA SUSANTI','siswa217@gmail.com','0000000000000','$2y$10$ajE5dFZb3prN3wkJIMZ.yewz6salV47WP5Owd2UiPtyExrIG9aJfK','siswa','aktif','1504035907070002','foto.jpg','2021-02-06 21:57:14','2021-02-06 21:57:14'),(435,9,'KAYLA SUCIA RAHMADANI','siswa218@gmail.com','0000000000000','$2y$10$zCUTx3u6o3uC6NhaqFZlW..nRDIuc5AbgzPoG.tQLJ8YllIH3Ms92','siswa','aktif','1504044910080003','foto.jpg','2021-02-06 21:57:14','2021-02-06 21:57:14'),(436,9,'KEVIN DOLI ERLANGGA','siswa219@gmail.com','0000000000000','$2y$10$uqmYMIADF/uWWcRf8XVLtuiMbIsxkEQAfPuhV83luJC90iBJ6sePe','siswa','aktif','1504031511060005','foto.jpg','2021-02-06 21:57:14','2021-02-06 21:57:14'),(437,9,'KHOIRUNNISSA','siswa220@gmail.com','0000000000000','$2y$10$NprJTQmpQVBLsKp3wHdFzuZyK4fE34njR2gfVAlZEjDCbZz0fcEjK','siswa','aktif','2171025006080005','foto.jpg','2021-02-06 21:57:14','2021-02-06 21:57:14'),(438,7,'Khusnul Qotimah','siswa221@gmail.com','0000000000000','$2y$10$VjKEKq3e492TP5BRwUnOzOfEfRH.3ooxb4rGMyXh/bnge1YAsmILm','siswa','aktif','3317014310070002','foto.jpg','2021-02-06 21:57:14','2021-02-06 21:57:14'),(439,5,'LESI DAMAYATI','siswa222@gmail.com','0000000000000','$2y$10$7FQUAG87HKfhTRupiB5j1uh/HVRj2EN8UDZeq/qN49SY6siDFqP3O','siswa','aktif','1605045103070003','foto.jpg','2021-02-06 21:57:14','2021-02-06 21:57:14'),(440,5,'LIAN PUTRA WICAKSANA','siswa223@gmail.com','0000000000000','$2y$10$Tp3aUB4k7gQQSUGmBIVp3eTrSUftp94v5gz4RcHoRgPCUiyAxJDr6','siswa','aktif','1504030501080002','foto.jpg','2021-02-06 21:57:14','2021-02-06 21:57:14'),(441,6,'LIDYA RUTH ENJEL SIANIPAR','siswa224@gmail.com','0000000000000','$2y$10$2NOB43vj578Np9bxL9eHvukc4Rb1OmZOpOxIB9FzhYiugpS/tshdm','siswa','aktif','1506077110070002','foto.jpg','2021-02-06 21:57:14','2021-02-06 21:57:14'),(442,6,'Lifa Nazaria','siswa225@gmail.com','0000000000000','$2y$10$.KdZyBeRav1ZzL3Q8qbSau8xTDQXhvG9lFi4kLHGbAhk0NcEMBeFu','siswa','aktif','1504036212050002','foto.jpg','2021-02-06 21:57:14','2021-02-06 21:57:14'),(443,7,'LUCKI YANTI','siswa226@gmail.com','0000000000000','$2y$10$bwqIw6rMeHRDm5VZHagjcephyLlHnZeEk4tkgHVQ13fkSGnTHMbVu','siswa','aktif','1504036312050004','foto.jpg','2021-02-06 21:57:14','2021-02-06 21:57:14'),(444,5,'LUKMAN HAKIM TANJUNG','siswa227@gmail.com','0000000000000','$2y$10$uPVvYUQhN.ignXqGuxH2oOqZriIA4C0AZTTq48wqAcdFeU9Zkj77W','siswa','aktif','1504031002060002','foto.jpg','2021-02-06 21:57:14','2021-02-06 21:57:14'),(445,5,'LUTVIA ANGGITA SAPUTRI','siswa228@gmail.com','0000000000000','$2y$10$aTitd2vtIs6YBXgfn.HZTOYduXQY6et2n1T4JJv1Ntlsv2YcJ.laS','siswa','aktif','1504034110070001','foto.jpg','2021-02-06 21:57:14','2021-02-06 21:57:14'),(446,6,'M FATHIR AL MUCHTAROM','siswa229@gmail.com','0000000000000','$2y$10$zp3q0ze8qQjXxH9RWC9JQe1Za46HJE6E5A7rvDzNqokyBpgues0FS','siswa','aktif','1504030905070002','foto.jpg','2021-02-06 21:57:14','2021-02-06 21:57:14'),(447,7,'M. AIDIL FIQRI','siswa230@gmail.com','0000000000000','$2y$10$meMp0wZ2yLJqFBz2K6DSq.MmH6hbZMpwIbXxAx2EL4vq/MHQytEOa','siswa','aktif','1504030411050002','foto.jpg','2021-02-06 21:57:14','2021-02-06 21:57:14'),(448,5,'M. AJI SAPUTRA','siswa231@gmail.com','0000000000000','$2y$10$dAsgyBwGvzcTD2IEJQCmZuHcAJK4lHSAp2TI7Iy3LzBoqkqi9pIkW','siswa','aktif','1504033012950001','foto.jpg','2021-02-06 21:57:14','2021-02-06 21:57:14'),(449,8,'M. Aldo Pratama','siswa232@gmail.com','0000000000000','$2y$10$fReNtmUYL7Ck4POx.0nHKeQXDtLDulDv5WEA4v1eQ4KfnsI97jjDG','siswa','aktif','1504070308080002','foto.jpg','2021-02-06 21:57:14','2021-02-06 21:57:14'),(450,9,'M. ANASYIFA SHABILLAH','siswa233@gmail.com','0000000000000','$2y$10$kWmy.05VrcSWHX7ZkLdNOOqm.yzLVxlmKLzawVkJlIw.8WgtHFZ6S','siswa','aktif','1504072508060002','foto.jpg','2021-02-06 21:57:14','2021-02-06 21:57:14'),(451,7,'M. DHAVA KAYZER RAHMAN','siswa234@gmail.com','0000000000000','$2y$10$1HQ49/1gHiUZj.CFIXyQQezci2JOVYHyk4Iy7WQSHajkvpQqJASg6','siswa','aktif','1504033010080001','foto.jpg','2021-02-06 21:57:14','2021-02-06 21:57:14'),(452,8,'M. DIMAS SAPUTRA','siswa235@gmail.com','0000000000000','$2y$10$JpDI0a7zbXs7iQTGXXNPdOt/X1SbqGUtLDMp6uKSfE2tCBLqcxY9.','siswa','aktif','1504032412070004','foto.jpg','2021-02-06 21:57:14','2021-02-06 21:57:14'),(453,7,'M. ICHSAN ALFARISI','siswa236@gmail.com','0000000000000','$2y$10$UnKUc/NAhPLy1/9Pogq5k.bjgcBMNu2l3IOGEWqPAkYKVjfLWgoi6','siswa','aktif','1504032006070001','foto.jpg','2021-02-06 21:57:14','2021-02-06 21:57:14'),(454,9,'M. KHABIB YUSUF','siswa237@gmail.com','0000000000000','$2y$10$vEdQgxPQ5px8h3NhdKlI9e08ZbMNjcL0vzpNLEJkAsCwDpKU1NPNO','siswa','aktif','1504031201080108','foto.jpg','2021-02-06 21:57:14','2021-02-06 21:57:14'),(455,5,'M. MUBAROK','siswa238@gmail.com','0000000000000','$2y$10$N7XEwuyMc/NPiX4GLRtejusmi/KbtJQhqO.Ri4lbOifwvSbO361Ye','siswa','aktif','1504030108040002','foto.jpg','2021-02-06 21:57:14','2021-02-06 21:57:14'),(456,9,'M. Najmi','siswa239@gmail.com','0000000000000','$2y$10$wPTqA/2DZyQk8pwRZ125fug3M1u9I7z/lp9Umdp8gRZlJNdKtDKEm','siswa','aktif','1504031705070002','foto.jpg','2021-02-06 21:57:14','2021-02-06 21:57:14'),(457,5,'M. Rafa Surya Putra','siswa240@gmail.com','0000000000000','$2y$10$N2nPeBJZMqLa.lUfrrlXmeKfYOc6Q/ts.N6x24ICioEHxNdUjKfdK','siswa','aktif','1504031208090003','foto.jpg','2021-02-06 21:57:14','2021-02-06 21:57:14'),(458,9,'M. RAKA FAHREZA','siswa241@gmail.com','0000000000000','$2y$10$o2MvXosBP/yKdOVIfMDH6O598OW4NoAw4kuUFncvlvWlSnMMefCy2','siswa','aktif','1504072111060002','foto.jpg','2021-02-06 21:57:14','2021-02-06 21:57:14'),(459,8,'M. RASYA ARYA PUTRA RUSDIAN','siswa242@gmail.com','0000000000000','$2y$10$t7ux0xe5.pWmVnmzrb0ZsO/Uzi2vs8j.NR.UqBqmzd/ym1U5SDqJC','siswa','aktif','1504031303080001','foto.jpg','2021-02-06 21:57:14','2021-02-06 21:57:14'),(460,6,'M. REFAELL APRIANSA','siswa243@gmail.com','0000000000000','$2y$10$8qIM/MRFyVLoxGpAJ24HMO7kN.4bgpIUIl7dNKIw1pUoQORx2kc3a','siswa','aktif','1504031104070002','foto.jpg','2021-02-06 21:57:14','2021-02-06 21:57:14'),(461,8,'M. RIZKY ADITYA','siswa244@gmail.com','0000000000000','$2y$10$Df5waPHjHi.oYm6iGmw.sex2toiHbMCwP2/CCMrh3tqV0hSsrSgG6','siswa','aktif','1504032304100001','foto.jpg','2021-02-06 21:57:14','2021-02-06 21:57:14'),(462,7,'M. Rizky Romadhoni Alvarezi. MZ','siswa245@gmail.com','0000000000000','$2y$10$x/a6r9Se.1TnqomBoRHAW.aBrqyThbb4auOT145w0b2JivJYwpkKi','siswa','aktif','1504032210060004','foto.jpg','2021-02-06 21:57:14','2021-02-06 21:57:14'),(463,9,'M. SHOLEHUDIN','siswa246@gmail.com','0000000000000','$2y$10$1RUo33EZhdwRhn1kQEH95eCjAOTCIDeo7hwIfzabNuCejbSreM5AK','siswa','aktif','1504032802070001','foto.jpg','2021-02-06 21:57:14','2021-02-06 21:57:14'),(464,6,'M. SYAHAL MAHFUD MUZAQQI','siswa247@gmail.com','0000000000000','$2y$10$EDRcH4HiSm9Z5IInKrER/uzji0h4m3glhOJWWI5py.02lyyOPFwwm','siswa','aktif','1504031707080001','foto.jpg','2021-02-06 21:57:14','2021-02-06 21:57:14'),(465,7,'M. ZIYAD AL FAIZ','siswa248@gmail.com','0000000000000','$2y$10$w3DqN7I6apu4khcLCg4X.uHnRMz4UPWbHLA6YXvYo5lVrYkYzUldS','siswa','aktif','1504030704090002','foto.jpg','2021-02-06 21:57:14','2021-02-06 21:57:14'),(466,7,'M.FARRAS MIQDAM WALIYYUDDIN ','siswa249@gmail.com','0000000000000','$2y$10$CQ3L3s.jf446iJd67q1QaeeOexRroijVxkMSGL7WfSgsQOAw6.85q','siswa','aktif','1504031001070004','foto.jpg','2021-02-06 21:57:14','2021-02-06 21:57:14'),(467,8,'MAHARIZKI PUTRI AYUSHINTA','siswa250@gmail.com','0000000000000','$2y$10$tEL2T0pZnFFblYTeTLTbbu1qJOCR5LKFSVmcA1xalfs0EAp43zJIm','siswa','aktif','1504074307080001','foto.jpg','2021-02-06 21:57:14','2021-02-06 21:57:14'),(468,5,'Mahpus Razki','siswa251@gmail.com','0000000000000','$2y$10$yNGGRqonLva2JIlH7eehcel03FvqlErZBrWHqjojyNpsiR3Cm6TCK','siswa','aktif','1504030208070001','foto.jpg','2021-02-06 21:57:14','2021-02-06 21:57:14'),(469,8,'MALEM DEMAN ABDI NEGARA KABAN','siswa252@gmail.com','0000000000000','$2y$10$vD9NdTrVmiOwAwFZCocNoOnVE7OJq.OXa6ieMnX5TEm4msPiLDEwW','siswa','aktif','1504031706070002','foto.jpg','2021-02-06 21:57:14','2021-02-06 21:57:14'),(470,9,'Marcel Rosando','siswa253@gmail.com','0000000000000','$2y$10$.85ko3hItHA7fTX3l91bqeWA2kN1vZwisbxvgfsHOJbB2BAMeO6/K','siswa','aktif','1504011506070001','foto.jpg','2021-02-06 21:57:14','2021-02-06 21:57:14'),(471,5,'MARDELISA NADYA PUTRI','siswa254@gmail.com','0000000000000','$2y$10$vfCbZ8XqQtPiVWWls2TKi.QseAYPKzTTOFKylsmRqadh0hTWyeKVK','siswa','aktif','1504034307070004','foto.jpg','2021-02-06 21:57:14','2021-02-06 21:57:14'),(472,6,'MARINA','siswa255@gmail.com','0000000000000','$2y$10$MdFb25bBxWAUdGRwAll5m.cn93qt5FlKlEvBcwp0h5PYQCesZudIu','siswa','aktif','1504035809080001','foto.jpg','2021-02-06 21:57:14','2021-02-06 21:57:14'),(473,7,'Marissa Nadin Aulia','siswa256@gmail.com','0000000000000','$2y$10$24qYUV53jBxcdhShnGVi3ut2rfBc3fqcwbmMc/GRI2ceyV3HRln/q','siswa','aktif','1504035605060003','foto.jpg','2021-02-06 21:57:14','2021-02-06 21:57:14'),(474,7,'MAULANA JUAN HERWANTO','siswa257@gmail.com','0000000000000','$2y$10$AoQnHJNTL16bgpMKB.IKxeHawXYs34iTTHleSfCDuDr8luyPwZpSC','siswa','aktif','1504030101080002','foto.jpg','2021-02-06 21:57:14','2021-02-06 21:57:14'),(475,5,'MAYMONA HELSAFITRI','siswa258@gmail.com','0000000000000','$2y$10$XMuVgeBjJ3eMaFaLcdNyGetSl0qMa9BU5NvrNPSCIhzylMPRcCdo2','siswa','aktif','1504035209070002','foto.jpg','2021-02-06 21:57:14','2021-02-06 21:57:14'),(476,5,'MAYSAROH RAMADANI','siswa259@gmail.com','0000000000000','$2y$10$CbbuzUhELecx2FtTm/k4suE0zghgS5yQ.JeiF9MQr22dzfSedgLqO','siswa','aktif','1504035809070001','foto.jpg','2021-02-06 21:57:14','2021-02-06 21:57:14'),(477,9,'MELA TRESNING JALI','siswa260@gmail.com','0000000000000','$2y$10$cSws4UMazLFOQMxSvDLa7u5sQJl0G5YQ9nxtyfeOXeXR.pGxTqX3O','siswa','aktif','1504037105040003','foto.jpg','2021-02-06 21:57:14','2021-02-06 21:57:14'),(478,5,'MELI YANA','siswa261@gmail.com','0000000000000','$2y$10$H17Q29NFI5uq08Lpkv6n..Z757bFgZVmbMPPfWqqiiK6gkr.Z70ri','siswa','aktif','1502044706080001','foto.jpg','2021-02-06 21:57:14','2021-02-06 21:57:14'),(479,5,'MELNI','siswa262@gmail.com','0000000000000','$2y$10$meK9m/K.V81Poikr/6Fpgev0o842KZIyKn/VjGiXmCd0Vgpie56py','siswa','aktif','1504034202080001','foto.jpg','2021-02-06 21:57:14','2021-02-06 21:57:14'),(480,7,'MEYLICIUS KEZIA CANTIKA TAMBUNAN','siswa263@gmail.com','0000000000000','$2y$10$lS9VSEbYBj0wiNZu22XdFOrFRyXyLXKabKEyNAVPWm9lexXQQBLYy','siswa','aktif','1504034805080001','foto.jpg','2021-02-06 21:57:14','2021-02-06 21:57:14'),(481,6,'MIA RAMADHANI','siswa264@gmail.com','0000000000000','$2y$10$nyjIYefOFe/gJE4gCCHUa.chIKntrKHr/7UjmrDN2gX1sYfQOhA0.','siswa','aktif','1504036509060003','foto.jpg','2021-02-06 21:57:14','2021-02-06 21:57:14'),(482,5,'Mifti Indriyani','siswa265@gmail.com','0000000000000','$2y$10$pRqTLSYPLtQAF7jGQecEzu5cIaTxvIG3aW1UFHC6xq1d0IfMfeoja','siswa','aktif','1504085609080002','foto.jpg','2021-02-06 21:57:14','2021-02-06 21:57:14'),(483,9,'Milda Suryani','siswa266@gmail.com','0000000000000','$2y$10$BFpejR69h.GRIx/M9MbssOSrwGOvUpnXTT0xnQVcVrit8B7Bipewm','siswa','aktif','1503066901080002','foto.jpg','2021-02-06 21:57:14','2021-02-06 21:57:14'),(484,8,'MIRANDA ZASKIA','siswa267@gmail.com','0000000000000','$2y$10$JBg9hyq2BFrbLKzUo7uIE.k7DZ7SNC4DGnJVjXCHws9h87xIcF126','siswa','aktif','1504036412060002','foto.jpg','2021-02-06 21:57:14','2021-02-06 21:57:14'),(485,6,'MIRANTI HOTNAULI SITUMEANG','siswa268@gmail.com','0000000000000','$2y$10$dQ8VcFuN3OHXHDUh31BNwuc3UDM2DC9r/km5Kor6s9deA6sEkfMVu','siswa','aktif','1504085802070002','foto.jpg','2021-02-06 21:57:14','2021-02-06 21:57:14'),(486,6,'MISNAWATI','siswa269@gmail.com','0000000000000','$2y$10$6UXP8CoUNpPCXIOddoIbY.7wkBIxphijRuJcjUtY6rGH4f.ZLDf4C','siswa','aktif','1504034105080001','foto.jpg','2021-02-06 21:57:14','2021-02-06 21:57:14'),(487,5,'MITA SARI','siswa270@gmail.com','0000000000000','$2y$10$d0sdROFTCTADu1Lpw8EejuwJR.EfB9f8CTZn2SWA74V3FESFs6SZa','siswa','aktif','1504064612060002','foto.jpg','2021-02-06 21:57:14','2021-02-06 21:57:14'),(488,5,'MOH. IMAM RIFA\'I','siswa271@gmail.com','0000000000000','$2y$10$RXAY30UT8HX6RbibvG0Wxechdcto3c.1cPUrTjnAhFMPiNwpXhW92','siswa','aktif','1504030101060005','foto.jpg','2021-02-06 21:57:14','2021-02-06 21:57:14'),(489,7,'Moza Natasya','siswa272@gmail.com','0000000000000','$2y$10$cIhEePHfnG4aQnFZDOkamuJk3O6GXCU/fMvk5NzSjBlAy86nIqc4O','siswa','aktif','1504035503080001','foto.jpg','2021-02-06 21:57:14','2021-02-06 21:57:14'),(490,6,'MUAMMAR DARMA ABRAR','siswa273@gmail.com','0000000000000','$2y$10$jvSdr0qxrdp4yC4D7gZ9I.i3ck/gkEbo1s22v51uBAY1S9eZ5KMkS','siswa','aktif','1504032801060001','foto.jpg','2021-02-06 21:57:14','2021-02-06 21:57:14'),(491,8,'MUHAMAD AFANDI','siswa274@gmail.com','0000000000000','$2y$10$Zc3cge0UUfWtwgH5Yde1BeeYTmfDajkfuqL9uiOnis12WNomBKy3y','siswa','aktif','1503061304060002','foto.jpg','2021-02-06 21:57:14','2021-02-06 21:57:14'),(492,6,'MUHAMAD BUDI ALRIDHO','siswa275@gmail.com','0000000000000','$2y$10$W4UCewAZF2SqPJUhdZ2Use3TABmKieQ8FCIyPVUbbG2qIU85DY6Wq','siswa','aktif','1504031906060001','foto.jpg','2021-02-06 21:57:14','2021-02-06 21:57:14'),(493,9,'Muhamad hamdani','siswa276@gmail.com','0000000000000','$2y$10$2S92.QUyZ4M/AsA3I47QEelHThyg/iciZbBHC7Wgg.ZvP6JL4bcZi','siswa','aktif','1503060911060001','foto.jpg','2021-02-06 21:57:14','2021-02-06 21:57:14'),(494,6,'MUHAMAD IRDI AL FAREL','siswa277@gmail.com','0000000000000','$2y$10$7Zkow5lf2dnH.KYexnW5WuAL/kGq1nSKOnXb/J3Jbizs9ZNQh.H8e','siswa','aktif','1807071903050001','foto.jpg','2021-02-06 21:57:14','2021-02-06 21:57:14'),(495,7,'MUHAMAD KAKA WIJAYA','siswa278@gmail.com','0000000000000','$2y$10$5F48U74X6.OO4/H5DUsW8u0KskjWsrEge46Qj2/qXoWl7arZUfg62','siswa','aktif','','foto.jpg','2021-02-06 21:57:14','2021-02-06 21:57:14'),(496,6,'MUHAMAD RAFFA APRIYANDI','siswa279@gmail.com','0000000000000','$2y$10$GzVaFC3n1nby1QgO.sK3NOUPqALcomzImBvVVdCEedPUtfZBcOJju','siswa','aktif','','foto.jpg','2021-02-06 21:57:14','2021-02-06 21:57:14'),(497,9,'Muhamad Ridwan','siswa280@gmail.com','0000000000000','$2y$10$zcG8S6NhIipBh3StmS07guti7loY8BZ4Q27WVcHirZy9sJ24DsV3G','siswa','aktif','1504030701070001','foto.jpg','2021-02-06 21:57:14','2021-02-06 21:57:14'),(498,5,'Muhamad Rizki Maulana','siswa281@gmail.com','0000000000000','$2y$10$Qs0Eum.IZot6W86S2J0GIuZ5cDFzcj2XODmbv.N3FGy/saO9IGzn.','siswa','aktif','1504030104070002','foto.jpg','2021-02-06 21:57:14','2021-02-06 21:57:14'),(499,8,'MUHAMMAD AKBAR ALFARISI','siswa282@gmail.com','0000000000000','$2y$10$nxrw.2LjdDOG6jK7XPpnqO7f8j1vCSiPggwj27AOWUlqHqA92CO2.','siswa','aktif','1504031608080002','foto.jpg','2021-02-06 21:57:14','2021-02-06 21:57:14'),(500,8,'MUHAMMAD ALDINO WINNARTO','siswa283@gmail.com','0000000000000','$2y$10$QeTD.4tKzxGvtzcTDHG3XO8OYS3x/JpKfHb2n8MlDCspRAgpbsKSG','siswa','aktif','1504031306070001','foto.jpg','2021-02-06 21:57:14','2021-02-06 21:57:14'),(501,8,'MUHAMMAD ANHAR OSERI','siswa284@gmail.com','0000000000000','$2y$10$05kUGPBYzFS1I8xcritHLuOTRONDKQ/ZmGEKVeZDH9.HX/Po6qDeK','siswa','aktif','1504032803090001','foto.jpg','2021-02-06 21:57:14','2021-02-06 21:57:14'),(502,8,'MUHAMMAD ARYA TRYMANDA','siswa285@gmail.com','0000000000000','$2y$10$NT9Ny8RRy36PJbnlu4Ijeu6kahvoqZMAMmneU89J9pvt.kp0Lw5li','siswa','aktif','1504033105060004','foto.jpg','2021-02-06 21:57:14','2021-02-06 21:57:14'),(503,7,'MUHAMMAD BILLI GIBRAN','siswa286@gmail.com','0000000000000','$2y$10$ZZxv3ux80VvyyYDBSx9AxO9TaDpeW0KxtuMDWECg1TxPB7WgzTH0O','siswa','aktif','=[\"-\"}','foto.jpg','2021-02-06 21:57:14','2021-02-06 21:57:14'),(504,8,'MUHAMMAD DIKA','siswa287@gmail.com','0000000000000','$2y$10$YW.A5grQfEeS./Y6UQjLX.BUZQM/64wIS5zecBfOPC21mqj0lLmsO','siswa','aktif','1504032002050001','foto.jpg','2021-02-06 21:57:14','2021-02-06 21:57:14'),(505,7,'MUHAMMAD FAJRI SAPUTRA','siswa288@gmail.com','0000000000000','$2y$10$kgaX4pjopbklIhYWsACHoew/.y6WwkRFnNWb0ocg08fhX.wDtPbmW','siswa','aktif','1504032910050001','foto.jpg','2021-02-06 21:57:14','2021-02-06 21:57:14'),(506,5,'MUHAMMAD FARIQ GIBRAN ZADIN ','siswa289@gmail.com','0000000000000','$2y$10$HnedwNYlKj0bViQZZSmwbujYuppEu/wsKKal0.2d7fsHgbs0lCETC','siswa','aktif','1504030107060001','foto.jpg','2021-02-06 21:57:14','2021-02-06 21:57:14'),(507,5,'MUHAMMAD FIQRI ARDIYAN','siswa290@gmail.com','0000000000000','$2y$10$tn9uR9vi.vYMCexHxsYZZuVsBGtWpSGcFCMXTws0Xm1sMXOzac8IG','siswa','aktif','1504082912070001','foto.jpg','2021-02-06 21:57:14','2021-02-06 21:57:14'),(508,5,'MUHAMMAD IDRIS','siswa291@gmail.com','0000000000000','$2y$10$WfCghlrHpHqLoZBneNeztO2Tfu6R0ddowIqzgXZlMRfhVTBVkTXQy','siswa','aktif','1504030307060001','foto.jpg','2021-02-06 21:57:14','2021-02-06 21:57:14'),(509,7,'MUHAMMAD IHSAN SAPUTRA','siswa292@gmail.com','0000000000000','$2y$10$0DqlF6gTovCKNsuPTA0WKOuHkere8weeX2X8YreoCbqs.RDsrhMFC','siswa','aktif','1504031106070004','foto.jpg','2021-02-06 21:57:14','2021-02-06 21:57:14'),(510,9,'MUHAMMAD IRFAN SAPUTRA','siswa293@gmail.com','0000000000000','$2y$10$Z28NAVU3caG8Ogq8y45X1.aWbyCOREAiM3Wtu3Z6BcquZx325VXTm','siswa','aktif','=[\"-\"}','foto.jpg','2021-02-06 21:57:14','2021-02-06 21:57:14'),(511,6,'MUHAMMAD IRFIN SAPUTRA','siswa294@gmail.com','0000000000000','$2y$10$CuCvxg0NsZwQ4HJCvLklWOY7r2w6jMmBXyU2rpyv/gRlr1FzrE9eq','siswa','aktif','=[\"-\"}','foto.jpg','2021-02-06 21:57:14','2021-02-06 21:57:14'),(512,9,'MUHAMMAD KEVIN FADHILAH','siswa295@gmail.com','0000000000000','$2y$10$IwXMao94Gy2j0bRldZGMpOSQxFFWuy0pXlPZ.cRZU0D3PT/3X1hj2','siswa','aktif','1504030808050002','foto.jpg','2021-02-06 21:57:14','2021-02-06 21:57:14'),(513,7,'MUHAMMAD NUR RHOHIM','siswa296@gmail.com','0000000000000','$2y$10$y7uokZ5Dbf5CtVVTWAl5SupejptaFtJdiIgtZ0jYBB.YHNDvdYNKS','siswa','aktif','1504070512070001','foto.jpg','2021-02-06 21:57:14','2021-02-06 21:57:14'),(514,5,'MUHAMMAD PAJRI FEBRIANO','siswa297@gmail.com','0000000000000','$2y$10$A65ehkSlxWu8aHb4iu/DOOcImkTl3VHCstI4zQ9ODsadJl8ZnI3sG','siswa','aktif','1504031502070003','foto.jpg','2021-02-06 21:57:14','2021-02-06 21:57:14'),(515,7,'MUHAMMAD RAFFI SAPUTRA','siswa298@gmail.com','0000000000000','$2y$10$x/UR/NHNmW.QNb3dYJxLIuGzam5KGVvz7wwNWY5YXm4ow3MuNzFSW','siswa','aktif','1504032008070003','foto.jpg','2021-02-06 21:57:14','2021-02-06 21:57:14'),(516,8,'MUHAMMAD REHAN SAPUTRA','siswa299@gmail.com','0000000000000','$2y$10$vAdmxoMd97849NIkdKVT5e/W7JPsMX.jHi.IWb1BLvw/acrZiCQMq','siswa','aktif','1504021907050001','foto.jpg','2021-02-06 21:57:14','2021-02-06 21:57:14'),(517,8,'MUHAMMAD RIDWAN','siswa300@gmail.com','0000000000000','$2y$10$UFS7ayj5r78Zm1T3PqoI5OJtG0W.go96GeyQ5DyFQwO.zW35774Om','siswa','aktif','1504030211070002','foto.jpg','2021-02-06 21:57:14','2021-02-06 21:57:14'),(518,6,'MUHAMMAD RIZKI','siswa301@gmail.com','0000000000000','$2y$10$NKbYomAul89wFlbUU1m.PuiRui7WFGI5s7Bh1E6VtVhtSEIXr60hq','siswa','aktif','1504033110080001','foto.jpg','2021-02-06 21:57:14','2021-02-06 21:57:14'),(519,9,'MUHAMMAD ROBBYSYAH FIKRI','siswa302@gmail.com','0000000000000','$2y$10$fDYDkOd8bbHZHfOgoxyJgezreg/MfGAJQgRUrborwGVQWrNyRkKsm','siswa','aktif','1504032412060001','foto.jpg','2021-02-06 21:57:14','2021-02-06 21:57:14'),(520,8,'MUHAMMAD ROMADONI','siswa303@gmail.com','0000000000000','$2y$10$RV4yqTiAmBOZQ1rAchTWx.I6JpUi5a6IOkpk0nPUijqaTWPP74gYC','siswa','aktif','1504030507060001','foto.jpg','2021-02-06 21:57:14','2021-02-06 21:57:14'),(521,7,'MUHAMMAD SAPARUSSANI','siswa304@gmail.com','0000000000000','$2y$10$micx6MAOEE/uM69YjETSzetAH6af9gbeC90Lt4IAaahkLPiOULcou','siswa','aktif','1504030203080001','foto.jpg','2021-02-06 21:57:14','2021-02-06 21:57:14'),(522,5,'Mulyadi','siswa305@gmail.com','0000000000000','$2y$10$QaCtkkqpyWr.BG8ftTHh4eT9TmTvV.kV6nHfO3SsGFKAfPPqYS/BC','siswa','aktif','1504031704030006','foto.jpg','2021-02-06 21:57:14','2021-02-06 21:57:14'),(523,9,'MUTIARA RAMADANI','siswa306@gmail.com','0000000000000','$2y$10$HIE0I3CNbPE2wY9b78.s8uQT7sAmqfYM6/nZnuYIUxIgCA9k/w5C6','siswa','aktif','1509024510070001','foto.jpg','2021-02-06 21:57:14','2021-02-06 21:57:14'),(524,9,'Nabil Febrianza','siswa307@gmail.com','0000000000000','$2y$10$v9/Mdr0XtFZuva.xjRL22.dujE91IzJhqbfpkoUUlUfA5mjt/LDnO','siswa','aktif','1504031002060003','foto.jpg','2021-02-06 21:57:14','2021-02-06 21:57:14'),(525,7,'NABILA','siswa308@gmail.com','0000000000000','$2y$10$tgBdMcsLe4EuhU9nRPiH.emQiQqwmr.NuNls4mR1wQ.w8stmuWFNi','siswa','aktif','1504036407070001','foto.jpg','2021-02-06 21:57:14','2021-02-06 21:57:14'),(526,6,'NADIA RAHMADANI','siswa309@gmail.com','0000000000000','$2y$10$Rm8BUooPYA9hXdtHK4mBvu8FPmZE3zR/ib534xpULYrBb4.PNxXom','siswa','aktif','1504035210060002','foto.jpg','2021-02-06 21:57:14','2021-02-06 21:57:14'),(527,7,'NAFISAH ZAHRA PRATIWI','siswa310@gmail.com','0000000000000','$2y$10$4XCmapwdZbfgziBOKi6RNe35svNHpItu5fwuC3UxnXWSSkbNfSlzS','siswa','aktif','1504035803070001','foto.jpg','2021-02-06 21:57:14','2021-02-06 21:57:14'),(528,9,'NAISYILLA RATU AZAHRA','siswa311@gmail.com','0000000000000','$2y$10$a7SmcSu.c3iCL7vwRvx94ewrH8SW.ct8pCCAJRBxR8uOBf0PLfi8a','siswa','aktif','1504036601060002','foto.jpg','2021-02-06 21:57:14','2021-02-06 21:57:14'),(529,5,'NAJWA PUTRI RAMADHANI','siswa312@gmail.com','0000000000000','$2y$10$AzoVS9JPF9nCV9E6Nb2b3uPQ8hWxH1/sk5oU7RbzMO7umS1HfroOK','siswa','aktif','1504036310050003','foto.jpg','2021-02-06 21:57:14','2021-02-06 21:57:14'),(530,7,'NANDA PUTRA LUMBAN RAJA','siswa313@gmail.com','0000000000000','$2y$10$z8OUJt7Om2yb9obR9Rux8u2hFB90MG54ui4nsI8yQfqW4IKU41asm','siswa','aktif','1504030910080002','foto.jpg','2021-02-06 21:57:14','2021-02-06 21:57:14'),(531,6,'NANDA UMI MUTMAINAH','siswa314@gmail.com','0000000000000','$2y$10$a.0Sb613./mYAcI4o6tc8evP8v/zCsuhqlGnvceaLabvriBEmIVcK','siswa','aktif','1504034112070001','foto.jpg','2021-02-06 21:57:14','2021-02-06 21:57:14'),(532,9,'NASYA DEFANNY PUTRI','siswa315@gmail.com','0000000000000','$2y$10$qJXqyLfN.tWPbE7t9d3FgudvQgG9a.0ZAMz3bWOkAyvzMTI0O9zO.','siswa','aktif','1504034512060003','foto.jpg','2021-02-06 21:57:14','2021-02-06 21:57:14'),(533,7,'NAYAKA DAFA DINAJED','siswa316@gmail.com','0000000000000','$2y$10$6RbdKeaNC3ewYFJSNP1/n.w7fN1e4B1aby4ieGoHK5U.B2mmM3zfG','siswa','aktif','1504030605080004','foto.jpg','2021-02-06 21:57:14','2021-02-06 21:57:14'),(534,5,'NAYLA CLARISHA AZZOFA','siswa317@gmail.com','0000000000000','$2y$10$HiDI98HsxQ5RMzfoJAB2XO1a5tPP7Ci9nSDcXSa4QbKdmDbf8gvJ6','siswa','aktif','1504036502080002','foto.jpg','2021-02-06 21:57:14','2021-02-06 21:57:14'),(535,5,'NAYLA LIZUYA','siswa318@gmail.com','0000000000000','$2y$10$lB/oEbpuTtnvfYolIPhW9.3sRFkDDv3Gf4uZ8.e8aqYNGRtVdIiIu','siswa','aktif','1508015706060001','foto.jpg','2021-02-06 21:57:14','2021-02-06 21:57:14'),(536,7,'NIA RAMADSARI','siswa319@gmail.com','0000000000000','$2y$10$p91GkPMz29Oqo/C9Y10w..cgudpUdHXFHBpTi4y73mfVVCGQcTsoW','siswa','aktif','1504036509060004','foto.jpg','2021-02-06 21:57:14','2021-02-06 21:57:14'),(537,7,'NIKO PRATAMA','siswa320@gmail.com','0000000000000','$2y$10$UNMczBVRtSIUAYNSISdwHOUr0SNmgVsVaX1BcvSgwTmGZbadOhU/q','siswa','aktif','1504031708060003','foto.jpg','2021-02-06 21:57:14','2021-02-06 21:57:14'),(538,9,'Nina Indriyani','siswa321@gmail.com','0000000000000','$2y$10$nu1daZPMRAGHjw7gPXmSTOxfvSDwiYcemIFjHokWsXn.GfGCKnSJG','siswa','aktif','1606094902070005','foto.jpg','2021-02-06 21:57:14','2021-02-06 21:57:14'),(539,7,'NOFAL KURNIYANSYAH','siswa322@gmail.com','0000000000000','$2y$10$r5jMZTPJmBzPZ0wxb4xL2OEpiYCBJVKxzua3i.eRJmqFEsoOZ67V2','siswa','aktif','1504034705750002','foto.jpg','2021-02-06 21:57:14','2021-02-06 21:57:14'),(540,5,'NOFITRAYANI KURNIA DESTI','siswa323@gmail.com','0000000000000','$2y$10$lccinEnYGWmN.LCUaCXTm.vnHxM/racunLTabuBFG4vJ9IbSd1Z/C','siswa','aktif','1504034611060001','foto.jpg','2021-02-06 21:57:14','2021-02-06 21:57:14'),(541,8,'NOLLA CLANESYA','siswa324@gmail.com','0000000000000','$2y$10$r8fSjKSvW2z6kq3WEEwtAe24aFKy24DbjwAOiVas7fQmc9.HfkE1.','siswa','aktif','1504034501070003','foto.jpg','2021-02-06 21:57:14','2021-02-06 21:57:14'),(542,6,'NOPI ALDO ANDRIAN','siswa325@gmail.com','0000000000000','$2y$10$.F1af1VEoSg6o1NLQ9w4leOPwVjpqzn323tNKG4uZlv8WTMITuzjK','siswa','aktif','1509012211110001','foto.jpg','2021-02-06 21:57:14','2021-02-06 21:57:14'),(543,5,'NOVALIA','siswa326@gmail.com','0000000000000','$2y$10$dSYw9wleWjgS129SCSldzO6TOlRuh1FiGEdnHfGWgCNLiwBMOpnG.','siswa','aktif','1504036311070001','foto.jpg','2021-02-06 21:57:14','2021-02-06 21:57:14'),(544,9,'NOVELIA SUHERLINA','siswa327@gmail.com','0000000000000','$2y$10$krxyAZ.Jx/TE37KehT2s/./5ff0RtdO.8aLYUUd7DTq0QmDspQi2a','siswa','aktif','1504085411050002','foto.jpg','2021-02-06 21:57:14','2021-02-06 21:57:14'),(545,5,'NOVIA KARNISA DELLA','siswa328@gmail.com','0000000000000','$2y$10$yuFMRXVB.kzLXjhSpXhgoOsuxu3ZDQlMHfmMDv5/Wi3CAtlEVkkwG','siswa','aktif','1504036111060001','foto.jpg','2021-02-06 21:57:14','2021-02-06 21:57:14'),(546,7,'NOVITA YULIANA','siswa329@gmail.com','0000000000000','$2y$10$ni3N/zIIJTIMRVzyjZSxYu1.aSS38FNf6dbb1jm1nryhM6M5g1P22','siswa','aktif','=[\"-\"}','foto.jpg','2021-02-06 21:57:14','2021-02-06 21:57:14'),(547,5,'NOVRIANI PUJI PRATIWI','siswa330@gmail.com','0000000000000','$2y$10$NcjHfTg/2MqsnN6fyGYmF.q8Fdjh7xkD0GMblrbWiLf3UiY4qUeo.','siswa','aktif','1504035206080001','foto.jpg','2021-02-06 21:57:14','2021-02-06 21:57:14'),(548,6,'NUR HIKMAH PUTRY','siswa331@gmail.com','0000000000000','$2y$10$Ftp8KjPAcVJ7WntZ2x6K5ut52I39klhRiPaHCp/SF8DxJDp1Kzq.C','siswa','aktif','1504036108060001','foto.jpg','2021-02-06 21:57:14','2021-02-06 21:57:14'),(549,5,'Nur Khalimah','siswa332@gmail.com','0000000000000','$2y$10$4cV4dtMdN/KtB4oqIITGIucdsICvEniOeN/ZL9so7gI7EapE.MPBK','siswa','aktif','1503014202070004','foto.jpg','2021-02-06 21:57:14','2021-02-06 21:57:14'),(550,8,'NUR LAYLI FITRIANA','siswa333@gmail.com','0000000000000','$2y$10$5fckvC8QeMZSwyTFn0zZIug6sj45FA6LTvZuyZ6ovXpZ7LwwZuDz6','siswa','aktif','1504035003080001','foto.jpg','2021-02-06 21:57:14','2021-02-06 21:57:14'),(551,9,'Nur Lila Asnah','siswa334@gmail.com','0000000000000','$2y$10$NV3YsqwPG/eWPyDpEZsTquPwEa1/yi8AwTiAu3txPV/cdpPTkOYzq','siswa','aktif','1504036201060001','foto.jpg','2021-02-06 21:57:14','2021-02-06 21:57:14'),(552,6,'NURBAITI','siswa335@gmail.com','0000000000000','$2y$10$pfRCG0wVA9PgKwcbFOTIEOqfnsdtvcC0D96I5Fc9LexD.ZVSJaaVi','siswa','aktif','1504084906050002','foto.jpg','2021-02-06 21:57:14','2021-02-06 21:57:14'),(553,7,'NURHASANAH','siswa336@gmail.com','0000000000000','$2y$10$U8dw/sdPCvy6U10dJfG8aukG3dvVtCysEIiGZDwI0rTspdvcIoXwG','siswa','aktif','1504036001090002','foto.jpg','2021-02-06 21:57:14','2021-02-06 21:57:14'),(554,9,'NURHASANAH','siswa337@gmail.com','0000000000000','$2y$10$RX6Nlkhc4xYkdno8MdYiAOwrdQEkLhXVsJKzAiVOLjH1e.6J3rNPe','siswa','aktif','1504035401090003','foto.jpg','2021-02-06 21:57:14','2021-02-06 21:57:14'),(555,5,'NURLINDA SARI','siswa338@gmail.com','0000000000000','$2y$10$mcyAc9I4QdzlXz75fPgjA.5JKF/jcdg5XewQxrHjdUWM9UTUbYQm.','siswa','aktif','1504034312060001','foto.jpg','2021-02-06 21:57:14','2021-02-06 21:57:14'),(556,5,'Nurul Khairatul Fadliani','siswa339@gmail.com','0000000000000','$2y$10$o78FE3zpIe7C0otOjtwo2.jRzkYNVbezBYl9AKCIDPoQhZqw08Avy','siswa','aktif','1504074908060003','foto.jpg','2021-02-06 21:57:14','2021-02-06 21:57:14'),(557,7,'ODIAN SAPUTRA','siswa340@gmail.com','0000000000000','$2y$10$rIZQyYJQqFe7Bj/rE3mv4u25ayFLmVV226O044PmtUE96Jww6lFi6','siswa','aktif','1504031802080001','foto.jpg','2021-02-06 21:57:14','2021-02-06 21:57:14'),(558,8,'PABLU AGUS ANANDA','siswa341@gmail.com','0000000000000','$2y$10$rtL12XmFYEnLhznQcSQEQuHgTyRmtDSVXkNc5ehfv.WYWGgWSVUsC','siswa','aktif','1504030408050001','foto.jpg','2021-02-06 21:57:14','2021-02-06 21:57:14'),(559,7,'Pandi Perdiansyah','siswa342@gmail.com','0000000000000','$2y$10$5NdxG3or7ibcfuK5.22SgO4zNk7zSofcYrNPilQHroCyasVoeomGq','siswa','aktif','1504034804060004','foto.jpg','2021-02-06 21:57:14','2021-02-06 21:57:14'),(560,5,'PANDU BIMANTARA ','siswa343@gmail.com','0000000000000','$2y$10$3zvjlTIseSjz7KVikyk1Se9HGrV5zGl9GqEChoggd59XfA2tasx92','siswa','aktif','1504031111050002','foto.jpg','2021-02-06 21:57:14','2021-02-06 21:57:14'),(561,6,'PANDU SETIAWAN','siswa344@gmail.com','0000000000000','$2y$10$L4dgH7N3dhagdIWYFiGlKeWnkzWQm1UNnE5zZZliPp6Vo0O0R4gUu','siswa','aktif','1504030805060002','foto.jpg','2021-02-06 21:57:14','2021-02-06 21:57:14'),(562,9,'PANDU SUDAR MAWAN','siswa345@gmail.com','0000000000000','$2y$10$HNVhMudrjggJFQDT8w.c3e2JuyqQuosReF2MutKVf3Rme49xHinbe','siswa','aktif','1504041004040002','foto.jpg','2021-02-06 21:57:14','2021-02-06 21:57:14'),(563,5,'PARDIYANSYAH','siswa346@gmail.com','0000000000000','$2y$10$IQMmX2c46hXi7ecg37yxZur.FkrIFOMWak9hZZofKmOclG8RZhVjS','siswa','aktif','1504030406070005','foto.jpg','2021-02-06 21:57:14','2021-02-06 21:57:14'),(564,8,'PEBI SUSI SUSANTI','siswa347@gmail.com','0000000000000','$2y$10$uYfi.3OFMEtwwrt3SeKIV.1PLRSgUxvA0OUrvVi2IY60HCaeDvaAS','siswa','aktif','1504036705040002','foto.jpg','2021-02-06 21:57:14','2021-02-06 21:57:14'),(565,7,'PERSON PASRO SIANTURI','siswa348@gmail.com','0000000000000','$2y$10$ceRFzN2cjjrc5/YJlPHz2u/nZZ92PRF0nEGGzLL.1g8Jx3bzk9y32','siswa','aktif','1504030111080002','foto.jpg','2021-02-06 21:57:14','2021-02-06 21:57:14'),(566,8,'Peti Maisara','siswa349@gmail.com','0000000000000','$2y$10$4JVPcpLFScY8rB88ovqHfeyZgzsBCG/Imlj9xAhihbnU8jpprY1E6','siswa','aktif','1504025506060001','foto.jpg','2021-02-06 21:57:14','2021-02-06 21:57:14'),(567,5,'PRENGKI PUTRA SANJAYA','siswa350@gmail.com','0000000000000','$2y$10$XAvmVwm/gtaX6X4s66lIc.paw33ig9wMjHv9WIXojYfoSkJSyKJIS','siswa','aktif','1504034902080001','foto.jpg','2021-02-06 21:57:14','2021-02-06 21:57:14'),(568,6,'PUTRI','siswa351@gmail.com','0000000000000','$2y$10$8rfcwICzFh6q31Q1W8ym9ujVPqM31ZS32/Qz6IFnp92JB7W2blvhi','siswa','aktif','1504036506080005','foto.jpg','2021-02-06 21:57:14','2021-02-06 21:57:14'),(569,5,'PUTRI','siswa352@gmail.com','0000000000000','$2y$10$x3c8HeSzy8BaRZhZBfUi8u4K2npFxfJ5nHJQG5riz3BSkBxXSN2nO','siswa','aktif','1504035807050003','foto.jpg','2021-02-06 21:57:14','2021-02-06 21:57:14'),(570,7,'PUTRI FEBY ANDHINI','siswa353@gmail.com','0000000000000','$2y$10$MuE4X4rTqb1ngvPIgxfeQO/JZuVkWn3qfGI.eM/FwdfPejW3oVpFW','siswa','aktif','1504035902070002','foto.jpg','2021-02-06 21:57:14','2021-02-06 21:57:14'),(571,8,'PUTRI RAHAYU','siswa354@gmail.com','0000000000000','$2y$10$G4786nSl9ZZH5zleJVfeM.n0uvlOnpmmwKVSQAlTkZ9rmxlXYDQPa','siswa','aktif','1504034705060002','foto.jpg','2021-02-06 21:57:14','2021-02-06 21:57:14'),(572,9,'Putri Wahyuni','siswa355@gmail.com','0000000000000','$2y$10$rUFcF5ifHmnHIO8.efnVeOY6VgqyqFVMq/Cj21UBvm9oGej4BaIGG','siswa','aktif','1504076102080002','foto.jpg','2021-02-06 21:57:14','2021-02-06 21:57:14'),(573,9,'QOIRUL ANWAR','siswa356@gmail.com','0000000000000','$2y$10$eqqIyeUscumiamwW5wIZ/e8GeG7HehgJ5IYhp79FVlTjf.6IeBzK2','siswa','aktif','1504031805070003','foto.jpg','2021-02-06 21:57:14','2021-02-06 21:57:14'),(574,9,'R. ALFAREZY PUTRA DINANTA','siswa357@gmail.com','0000000000000','$2y$10$9SCgeQnjwXA6Cc8nKF4WxuWXGwBlBWCJENQGBOjTCAcui4eIly57u','siswa','aktif','1504031308060002','foto.jpg','2021-02-06 21:57:14','2021-02-06 21:57:14'),(575,5,'R.M. FATHIR JUANDI','siswa358@gmail.com','0000000000000','$2y$10$v.u8Ocpm1H9GizYV2nYGO.s/E.lqPB0q3bz4YlJlNpAVU1k9DY2/u','siswa','aktif','1504032104060002','foto.jpg','2021-02-06 21:57:14','2021-02-06 21:57:14'),(576,8,'RAFLI SINAGA','siswa359@gmail.com','0000000000000','$2y$10$0DUpcSRwicP5gFY6nmACrevh8bfAwcDiG9f3./t4jz1J4LT4ylhpe','siswa','aktif','1504031301080002','foto.jpg','2021-02-06 21:57:14','2021-02-06 21:57:14'),(577,5,'Raganata','siswa360@gmail.com','0000000000000','$2y$10$V08H/Ue8Zgzn.wJPw2bewuadEFT4lfnUZSRMb5YbeU2hc8u8gHfAm','siswa','aktif','1504035501050001','foto.jpg','2021-02-06 21:57:14','2021-02-06 21:57:14'),(578,8,'Ragina Intan Mawarda','siswa361@gmail.com','0000000000000','$2y$10$R5yuwH6auicATK3DhUCymOYnNaqyEvUnz4bh.AvdfNaLSxQgwNE.2','siswa','aktif','1504035512070002','foto.jpg','2021-02-06 21:57:14','2021-02-06 21:57:14'),(579,7,'Rahmat Sutio','siswa362@gmail.com','0000000000000','$2y$10$KA9FZk9rvxkMz2jxhPp7MOjgV70LzPU0MnBSR2Wybk8fFq9oBvSui','siswa','aktif','1504030506060006','foto.jpg','2021-02-06 21:57:14','2021-02-06 21:57:14'),(580,7,'RAIDA SFITRI','siswa363@gmail.com','0000000000000','$2y$10$fvJCl7inBm1alE7duAwFZOi/lCkqxBrTGcdEiqSSNnI7uAK2mQTpq','siswa','aktif','1504034411050007','foto.jpg','2021-02-06 21:57:14','2021-02-06 21:57:14'),(581,9,'Raihan Akbar','siswa364@gmail.com','0000000000000','$2y$10$fEsqYsu8ERJaxRKMWVYYyesaS3GYiVPMgX9SI9XIpB7kS//yNwceK','siswa','aktif','1504031004090005','foto.jpg','2021-02-06 21:57:14','2021-02-06 21:57:14'),(582,9,'raihan kurniawan','siswa365@gmail.com','0000000000000','$2y$10$Oes93Y4Jzlwve7BpsjIHh.qZwtMQQXv5lzwFuHDCr0jbA8ksNfBgi','siswa','aktif','1504031801060002','foto.jpg','2021-02-06 21:57:14','2021-02-06 21:57:14'),(583,9,'RAMA','siswa366@gmail.com','0000000000000','$2y$10$EoeqSvtgVmr2aSfsG4QbIeXUIkzT5vQ1vyfI40qVubLR5ran1Lt6C','siswa','aktif','1504032508080001','foto.jpg','2021-02-06 21:57:14','2021-02-06 21:57:14'),(584,7,'RAMADHAN','siswa367@gmail.com','0000000000000','$2y$10$ndH1xV0gFqexM41YhvzK8.BfilmnBWHrTXaPjaog22A5TkqNAUNuW','siswa','aktif','1504031410040001','foto.jpg','2021-02-06 21:57:14','2021-02-06 21:57:14'),(585,9,'RAMEYZA ALYA AKBAR','siswa368@gmail.com','0000000000000','$2y$10$duIy1eNFL/s6ZSSJqLtruuJiqzSiUSqq4DujxdE1jJckpwYyQpqW6','siswa','aktif','1504034211080002','foto.jpg','2021-02-06 21:57:14','2021-02-06 21:57:14'),(586,5,'RANA SUKMAWATI','siswa369@gmail.com','0000000000000','$2y$10$rOo8ufRabcdGtFODPWaa8.EB5n.W8hISdl70qZ3X70UlMhAdWgb4y','siswa','aktif','1571076208030121','foto.jpg','2021-02-06 21:57:14','2021-02-06 21:57:14'),(587,5,'Rani Puspita Sari','siswa370@gmail.com','0000000000000','$2y$10$PZG0dFRSBJj4ZXZz7z3Tu.8V.aJrjnTLSZSU.9iL2enPCezV22YJS','siswa','aktif','1504084107060002','foto.jpg','2021-02-06 21:57:14','2021-02-06 21:57:14'),(588,6,'RASYA INTAN DWI CAHYA','siswa371@gmail.com','0000000000000','$2y$10$mwMcHVdx8EUEPNRnfQTvLeuJ1QznSuytleqeMwad7KjCMm0LemgSW','siswa','aktif','1504035109080002','foto.jpg','2021-02-06 21:57:14','2021-02-06 21:57:14'),(589,9,'RATU YULIANA','siswa372@gmail.com','0000000000000','$2y$10$BJ46z18wrIYocIU8l0GijOuI6lFPHCqEF.Bpm0rZ4giR1.YfsOyL.','siswa','aktif','1504036407080003','foto.jpg','2021-02-06 21:57:14','2021-02-06 21:57:14'),(590,5,'REDO KURNIAWAN','siswa373@gmail.com','0000000000000','$2y$10$uFOYcAij2FFC5yC0rCNswu24K0MyYuXprc9iRTNyrUK7cAqcTHo6G','siswa','aktif','1504031206060001','foto.jpg','2021-02-06 21:57:14','2021-02-06 21:57:14'),(591,8,'REGA RIKEY NOVE','siswa374@gmail.com','0000000000000','$2y$10$QMW5WGN562VTNsgNKyzRNeLaUBv0R7zvAdMq/CgyNXByIR.AE3.2G','siswa','aktif','1504030211070001','foto.jpg','2021-02-06 21:57:14','2021-02-06 21:57:14'),(592,7,'REINA SABITA SARASWATI','siswa375@gmail.com','0000000000000','$2y$10$9/X26XlJxj/ySyHI2e9InOCV/IOF3eAi384YBe7w0IFSQlCJGSG8y','siswa','aktif','1571075908080041','foto.jpg','2021-02-06 21:57:14','2021-02-06 21:57:14'),(593,5,'RELI KURNIA','siswa376@gmail.com','0000000000000','$2y$10$GtmJthZNZyAHbCBm3r.8ROvgYefrlID7ZULU1ClP8J5u/yzWgotE6','siswa','aktif','1504032605070003','foto.jpg','2021-02-06 21:57:14','2021-02-06 21:57:14'),(594,9,'REMA WATI','siswa377@gmail.com','0000000000000','$2y$10$e9aLxUdOpF4Gvcfpw1fAR.PUjOZWAKQ9P8DVae5E1YEBwWtLYy0Jy','siswa','aktif','1504085507070002','foto.jpg','2021-02-06 21:57:14','2021-02-06 21:57:14'),(595,9,'RENO SETIAWAN','siswa378@gmail.com','0000000000000','$2y$10$wiMaICn6alfT1Gsi9hAglO9004pGDPhREffvWzPzXzFxECj1i5DHW','siswa','aktif','1504030708080003','foto.jpg','2021-02-06 21:57:14','2021-02-06 21:57:14'),(596,9,'Resti Viona','siswa379@gmail.com','0000000000000','$2y$10$CdEt6Q8p79j5M1V.qVvfqOBe9tt874gJ1oHOm28L0F.XRvTY/1sOK','siswa','aktif','1503016104090001','foto.jpg','2021-02-06 21:57:14','2021-02-06 21:57:14'),(597,5,'REVA AMELIA HASANAH','siswa380@gmail.com','0000000000000','$2y$10$Iz6jORahSntxsErhMylGlOCcWewPtDbcLMloccoO9p6g18MPRWscS','siswa','aktif','1504035811070002','foto.jpg','2021-02-06 21:57:14','2021-02-06 21:57:14'),(598,6,'REVA CINTYA LUBIS','siswa381@gmail.com','0000000000000','$2y$10$balUSgzaHKVe0DF.j9MHAu43nPHvSI43XaQgFOI5rEgDpMptzolMi','siswa','aktif','1504036705070004','foto.jpg','2021-02-06 21:57:14','2021-02-06 21:57:14'),(599,6,'REVINA BUNGA KAORI','siswa382@gmail.com','0000000000000','$2y$10$5ruo9gYceyaCCurodDV4g.gqhaKUqF9xVKXMGaZi.6gvHB./1VoSm','siswa','aktif','1504036211050002','foto.jpg','2021-02-06 21:57:14','2021-02-06 21:57:14'),(600,9,'REYHAN FAJRI','siswa383@gmail.com','0000000000000','$2y$10$/.25ZY4saMUOwEfu/FEtYutNkMwUv.urJT34Wej5mLPyiU7waMQ52','siswa','aktif','1504030312060008','foto.jpg','2021-02-06 21:57:14','2021-02-06 21:57:14'),(601,8,'REZA EGI PRATAMA ','siswa384@gmail.com','0000000000000','$2y$10$w7SLO/OQ1HSPw3GZtEtOZOT.tnuvFBxntWUbrb23BaGRWT9IeoBu2','siswa','aktif','1504032503050001','foto.jpg','2021-02-06 21:57:14','2021-02-06 21:57:14'),(602,9,'RIANTO','siswa385@gmail.com','0000000000000','$2y$10$QwvXzEgb8JmBiWDyWYVGbea/rS1M33x3tBfRB8h.XaApjtkBSPeuu','siswa','aktif','1504030605070005','foto.jpg','2021-02-06 21:57:14','2021-02-06 21:57:14'),(603,8,'Ridho Arianto Pratama','siswa386@gmail.com','0000000000000','$2y$10$z1ZliQBBt4H5xEYylRic3u1irwuqG/KzBEzOHLgRjlQryGJu/QVIK','siswa','aktif','1306032510070003','foto.jpg','2021-02-06 21:57:14','2021-02-06 21:57:14'),(604,7,'Ridho Azzikri','siswa387@gmail.com','0000000000000','$2y$10$IJvmct1z/PXlAZ.f.C3DqObFiFrf/MKklYnJjv6RFhf22Vzs14FEi','siswa','aktif','1504032304080002','foto.jpg','2021-02-06 21:57:14','2021-02-06 21:57:14'),(605,5,'RIDO WINATA','siswa388@gmail.com','0000000000000','$2y$10$YLEgPaI5hxmNngbBtCY3kuvECLz3pz1SWVhEMpDuLagHItfCWeeMe','siswa','aktif','1504030502030003','foto.jpg','2021-02-06 21:57:14','2021-02-06 21:57:14'),(606,5,'RIFKY DWI PUTRA','siswa389@gmail.com','0000000000000','$2y$10$LqaInSuWg1a7bqPFsODxf.BivXBdsbj6Z/jgONjW0V/2cFZoM6fDm','siswa','aktif','1504030508050004','foto.jpg','2021-02-06 21:57:14','2021-02-06 21:57:14'),(607,9,'RIFKY HADI PRAYUDHA','siswa390@gmail.com','0000000000000','$2y$10$nB1tvNsCFADZiN0tMUFngO8QyrVhM.RQvCvARMrVOKN2k3utjfWHO','siswa','aktif','1504031303060001','foto.jpg','2021-02-06 21:57:14','2021-02-06 21:57:14'),(608,5,'RIFKY ZULIAN','siswa391@gmail.com','0000000000000','$2y$10$XEm3pqSc.yuT0fnBPAvg2eA58hcQyB1Mvb5/YCP0A6o35DJ4U68yK','siswa','aktif','1504031107080002','foto.jpg','2021-02-06 21:57:14','2021-02-06 21:57:14'),(609,6,'RIKA NAJMI','siswa392@gmail.com','0000000000000','$2y$10$HRqOWzMX6hQmafKbPyWiW.hsJ6LplLShapSynFgxDxIbxxV3y0.tK','siswa','aktif','1504064409080001','foto.jpg','2021-02-06 21:57:14','2021-02-06 21:57:14'),(610,6,'RIMA HILDA RENATA','siswa393@gmail.com','0000000000000','$2y$10$eJ9e10WeJZlbpMp0YIPY5ewyJJAYbc7xUZMOlhAo7hIncd6QXKCSa','siswa','aktif','1504036001060001','foto.jpg','2021-02-06 21:57:14','2021-02-06 21:57:14'),(611,9,'Risah','siswa394@gmail.com','0000000000000','$2y$10$NrMNrEYMLnYI75hJi/LcSuQts89KjsLGawXTtHICL53z2ABbXESPm','siswa','aktif','1504034408040003','foto.jpg','2021-02-06 21:57:14','2021-02-06 21:57:14'),(612,7,'RISKA EKA PUTRI','siswa395@gmail.com','0000000000000','$2y$10$HdEDDSbohg4AlbQFNiPaKeSRbPcYXg/y.FbQhaJVRQpSeIKuOsDu2','siswa','aktif','1504034405080002','foto.jpg','2021-02-06 21:57:14','2021-02-06 21:57:14'),(613,6,'RISKI IRAWAN','siswa396@gmail.com','0000000000000','$2y$10$tqYK6I8NqVaVHJS/JGN3N.eqp5SEiCGkBxJoj5.l0QaWADnOn1LGS','siswa','aktif','1504031706070003','foto.jpg','2021-02-06 21:57:14','2021-02-06 21:57:14'),(614,6,'RIZCY AFRIANSYAH SAPUTRA','siswa397@gmail.com','0000000000000','$2y$10$phTuWfiMgSrQ54SjMDUb.edU7UOl/H8S1mVQM1nIOyC5z0kx0xb8y','siswa','aktif','1504030204070007','foto.jpg','2021-02-06 21:57:14','2021-02-06 21:57:14'),(615,8,'RIZDA RAMADANI','siswa398@gmail.com','0000000000000','$2y$10$C467awsNilU/1T9xq6z2Wu0j6IFR2aSPlHqWr6HkUyk7ArtykYm..','siswa','aktif','1504036510050001','foto.jpg','2021-02-06 21:57:14','2021-02-06 21:57:14'),(616,8,'RIZKY ANDIKA PRATAMA','siswa399@gmail.com','0000000000000','$2y$10$Ayq5Sk8Fv8Vse0XvgpGWL.tHM7/JxLFFG3XKsB7iY3eiI4P77fL.i','siswa','aktif','1504032706080001','foto.jpg','2021-02-06 21:57:14','2021-02-06 21:57:14'),(617,9,'RIZKY NURMAINI REIHAN EKAPUTRA','siswa400@gmail.com','0000000000000','$2y$10$eT11B.ZK8hPAE.NlTnDD2.yF4FlsFvMEpFr29g2PMNYTYsscRiJMa','siswa','aktif','1504032505070003','foto.jpg','2021-02-06 21:57:14','2021-02-06 21:57:14'),(618,9,'RIZKY TRI PUTRA','siswa401@gmail.com','0000000000000','$2y$10$vxOSSD6JQSLtg4zRLdOI4uo.x1faRLcsEZTLKTfDDrtNsYfuw0XLq','siswa','aktif','1504072207060001','foto.jpg','2021-02-06 21:57:14','2021-02-06 21:57:14'),(619,8,'ROBERT KRISTIAN PURBA','siswa402@gmail.com','0000000000000','$2y$10$FI4Fcn2C5pSUY.pGKdM4q.W1xJhG7A4NGy5AmRwn1lV3USrF72f5y','siswa','aktif','1504032210060001','foto.jpg','2021-02-06 21:57:14','2021-02-06 21:57:14'),(620,6,'ROHUL SARAGIH','siswa403@gmail.com','0000000000000','$2y$10$6h0Y0O14WdXtRLrkcJcxXuSgFH.ujWVIuX83Cpkaf4G31wUAhhBWC','siswa','aktif','1504070304070001','foto.jpg','2021-02-06 21:57:14','2021-02-06 21:57:14'),(621,5,'ROMI FAISAL FAHROBY','siswa404@gmail.com','0000000000000','$2y$10$ZrZjRw89cOOwvyALjYBMAemLUXr/CG957uASaPGrf1frOy27Dp.GO','siswa','aktif','1504030301070002','foto.jpg','2021-02-06 21:57:14','2021-02-06 21:57:14'),(622,6,'RORY JUANDA','siswa405@gmail.com','0000000000000','$2y$10$lXLGdUWWuVWyU3cozRp0OOtVN6SIgMmGcxmuozAugi/v43ggQHYYu','siswa','aktif','1504032612020002','foto.jpg','2021-02-06 21:57:14','2021-02-06 21:57:14'),(623,8,'Rudi ','siswa406@gmail.com','0000000000000','$2y$10$BWU/06/c9f9M2aPUAVVfOOfnW5ZyYaNFCiYlb8RphJvIKO9sDXcSq','siswa','aktif','1504031509070003','foto.jpg','2021-02-06 21:57:14','2021-02-06 21:57:14'),(624,7,'RUDI ARDIANSYAH','siswa407@gmail.com','0000000000000','$2y$10$/AP3nkbqfVrBbJ2B1GBj8OqTPvZ97qZeDNBqbdvger0aU5BP3HAbe','siswa','aktif','1504031206960003','foto.jpg','2021-02-06 21:57:14','2021-02-06 21:57:14'),(625,6,'Rykho','siswa408@gmail.com','0000000000000','$2y$10$l8UVP4.LvT4Vy1.780uD9OPDIy83vQtOmvoXOZI9kiIN/rtk4k7vW','siswa','aktif','3318061305040001','foto.jpg','2021-02-06 21:57:14','2021-02-06 21:57:14'),(626,7,'SABRINA KURNIA WATI','siswa409@gmail.com','0000000000000','$2y$10$Ha5I1eIwKsFkSrfsS7h5Cep.0JTPWEPyzoPs0a/N2nd1gGQi/z4Sq','siswa','aktif','1504074103060003','foto.jpg','2021-02-06 21:57:14','2021-02-06 21:57:14'),(627,8,'SAFARAS AZZAHRA AKBAR ','siswa410@gmail.com','0000000000000','$2y$10$T7xCHqPWJ0GEwts04H1.M.OS02jDpEZ5IWwW4fUjS13ovju3My1BW','siswa','aktif','1504037012050001','foto.jpg','2021-02-06 21:57:14','2021-02-06 21:57:14'),(628,9,'SAHIRA','siswa411@gmail.com','0000000000000','$2y$10$PogQBPWimiCcqAhN8pI7Xe.bfv7AMV0H.qfy8JZBaSKpGAIDx51PK','siswa','aktif','1504035101060002','foto.jpg','2021-02-06 21:57:14','2021-02-06 21:57:14'),(629,8,'SAHRUL RAMADAN','siswa412@gmail.com','0000000000000','$2y$10$4uTqjAumpHDMMHMiuVogo.0Yk/brC1CBrXtNacMSXp371FMD/rxJm','siswa','aktif','1504032311080002','foto.jpg','2021-02-06 21:57:14','2021-02-06 21:57:14'),(630,6,'SAKTI MAHESWARA','siswa413@gmail.com','0000000000000','$2y$10$oetO2p.ionS8Q/ENjd0UEuZuQTNn39enJrleDNk8YbzklrMST/Gp.','siswa','aktif','1504031908071001','foto.jpg','2021-02-06 21:57:14','2021-02-06 21:57:14'),(631,9,'SALMA ALPARIS','siswa414@gmail.com','0000000000000','$2y$10$A4Ufk0SnDGX0miPpnB.0suiG/1VIsmr9.TTtYUF2fbV/Wh1MH8lEi','siswa','aktif','1504030307080003','foto.jpg','2021-02-06 21:57:14','2021-02-06 21:57:14'),(632,6,'SALMAH','siswa415@gmail.com','0000000000000','$2y$10$A3C/QTcmhrQWGB3E7q8Zk.WvEaB7iDBMKmJJ8mFyE1EItGGWDAC5G','siswa','aktif','1504035810070002','foto.jpg','2021-02-06 21:57:14','2021-02-06 21:57:14'),(633,9,'SALMAN ALFARISSI','siswa416@gmail.com','0000000000000','$2y$10$lRdfAeKaRq1Paggpx8aWX.V.k8h8THQLKCiCJv7cbjpdzRdavknOO','siswa','aktif','1504010411070001','foto.jpg','2021-02-06 21:57:14','2021-02-06 21:57:14'),(634,6,'SALSABILA ANGGRAINI','siswa417@gmail.com','0000000000000','$2y$10$yTkmangU5K..ihnbAEmlT.mzyXi2tvFiPS0qI9s8u0bTc1sPCGtPm','siswa','aktif','1504036210090003','foto.jpg','2021-02-06 21:57:14','2021-02-06 21:57:14'),(635,6,'SALSABILLA NOOR','siswa418@gmail.com','0000000000000','$2y$10$Gw3ZVNxJgIz.hblZJcM0ze48qbyfMGv0P5VONsx8eL32Zf5JVJLTa','siswa','aktif','1504034802070001','foto.jpg','2021-02-06 21:57:14','2021-02-06 21:57:14'),(636,9,'SALSYAHBILA RAHMADANI','siswa419@gmail.com','0000000000000','$2y$10$GCmxBSBRB5Ck6HCCU8qia.Onl3fjC6roEHu1pCoMNRIvF1dwOTVju','siswa','aktif','1504036110060002','foto.jpg','2021-02-06 21:57:14','2021-02-06 21:57:14'),(637,6,'SALWA NURAINI','siswa420@gmail.com','0000000000000','$2y$10$PT0q2dQHq/ldBQ6sIm550Oxqn7E1BBsN1mmQZ.YpvuLjTXh//a4NK','siswa','aktif','1504035203060003','foto.jpg','2021-02-06 21:57:14','2021-02-06 21:57:14'),(638,5,'Sara Oktavia Br','siswa421@gmail.com','0000000000000','$2y$10$gtrnbDKMjDEjzKppFXUfN.7YRkAHT60YE0qC12VANOvOqBnKJhzEe','siswa','aktif','1504084111040004','foto.jpg','2021-02-06 21:57:14','2021-02-06 21:57:14'),(639,6,'SARNIA IMELIA','siswa422@gmail.com','0000000000000','$2y$10$YW.vk6wG9TeqLuTERVt7H.1KGnEa8ngaGyie8BNWcALpfmkORrdnK','siswa','aktif','1504036808080003','foto.jpg','2021-02-06 21:57:14','2021-02-06 21:57:14'),(640,9,'SASQIA RAHMAYANI','siswa423@gmail.com','0000000000000','$2y$10$vJ26SS0SwrSR4/0hOljTounfGBnUTXz7DTmHHPjuhNvK6iiuDVPqa','siswa','aktif','1504035005070001','foto.jpg','2021-02-06 21:57:14','2021-02-06 21:57:14'),(641,9,'SATRIA MAHARDHIKA','siswa424@gmail.com','0000000000000','$2y$10$T/B2RJPDSAEb1Sqz9fGOL.t5vDnkH9sX3o0NDWCct9nBeHxdwikSC','siswa','aktif','1504030207070001','foto.jpg','2021-02-06 21:57:14','2021-02-06 21:57:14'),(642,5,'SAURI RHAMADHAN','siswa425@gmail.com','0000000000000','$2y$10$qA.Zjfg2p3EQAESAmCc85.JL/mn2IumG9jz1fAdyMTef7rvxgueNm','siswa','aktif','1504032010060006','foto.jpg','2021-02-06 21:57:14','2021-02-06 21:57:14'),(643,6,'Sefti wahyu Rahmadhani','siswa426@gmail.com','0000000000000','$2y$10$RcX/XCPYqTfIRUDv2CzUzurZlvZEOVfrsb/IOEifuVxj5W5d6JYEy','siswa','aktif','1504034810060003','foto.jpg','2021-02-06 21:57:14','2021-02-06 21:57:14'),(644,8,'SEFTIA RAMADHANI','siswa427@gmail.com','0000000000000','$2y$10$r0RRl9OPOpGK5XTmeEGX1elsTTj0/Lo/tBvSuH8wrdvmhV0Co31oa','siswa','aktif','1504034509070001','foto.jpg','2021-02-06 21:57:14','2021-02-06 21:57:14'),(645,5,'Seftian Saputra','siswa428@gmail.com','0000000000000','$2y$10$wDTds3l05nAeU1qwdaSKh.pVHCVeKXNni26eurKiL2CJApnMhHmxa','siswa','aktif','1504030109070002','foto.jpg','2021-02-06 21:57:14','2021-02-06 21:57:14'),(646,9,'Selvi Indiyani','siswa429@gmail.com','0000000000000','$2y$10$QP/LRUW.TS3B9Wdtki6MQuJunhkRUA06.EankBptNXOWVbfRlkrR.','siswa','aktif','1504086906080001','foto.jpg','2021-02-06 21:57:14','2021-02-06 21:57:14'),(647,5,'SEMEN HASAD','siswa430@gmail.com','0000000000000','$2y$10$skseLxzH416kWcOxUdBdd.WyyTT8csO84rQb.4x8rlixxmqNqUG7G','siswa','aktif','1504031402090002','foto.jpg','2021-02-06 21:57:14','2021-02-06 21:57:14'),(648,5,'SEPTA ADI WIDODO','siswa431@gmail.com','0000000000000','$2y$10$qffuLdiaXgKTE4hvylwNCeecMJVOLfMeiY8L2tnKw1ucc4nMAsYLu','siswa','aktif','1504030109060003','foto.jpg','2021-02-06 21:57:14','2021-02-06 21:57:14'),(649,7,'SHANIA WINDA SARI','siswa432@gmail.com','0000000000000','$2y$10$W2IFKXHZIODaRnzMmHv/2uxKSdqmQrErgqMnLksui/VzL1GiqW9pW','siswa','aktif','1504036407080004','foto.jpg','2021-02-06 21:57:14','2021-02-06 21:57:14'),(650,6,'SHECYL ANDELA','siswa433@gmail.com','0000000000000','$2y$10$Sh03mSuvTs5OzU90O73Z.uLHCyegCoK9kT23PpWvhopi0J.9KTchW','siswa','aktif','1504034309070002','foto.jpg','2021-02-06 21:57:14','2021-02-06 21:57:14'),(651,9,'SHINDY NOVITA SARI','siswa434@gmail.com','0000000000000','$2y$10$eKqSiujfM5iXLvdXRNsL2.UBCBjADp2NgcAD42cXE1aRTdjWA3M9u','siswa','aktif','1504034711080002','foto.jpg','2021-02-06 21:57:14','2021-02-06 21:57:14'),(652,7,'SILVI','siswa435@gmail.com','0000000000000','$2y$10$V3otTWMjalj7fszDjskIyu24Gh39Khw9COm3wMu9S6YMUTSfMxcOm','siswa','aktif','1504037003070004','foto.jpg','2021-02-06 21:57:14','2021-02-06 21:57:14'),(653,9,'SILVI ALVIANTI','siswa436@gmail.com','0000000000000','$2y$10$2K9b4aPLH4jwyio7grbzEey8Pd.hfa300Rga9zTyAIkcWUj3fLKOW','siswa','aktif','1504036309080001','foto.jpg','2021-02-06 21:57:14','2021-02-06 21:57:14'),(654,9,'SILVIA AINUN NADIFA','siswa437@gmail.com','0000000000000','$2y$10$W0J6Wm3huCriXW91TTWwkuMtWmMOFextJnWe30aJqps9HJOLhGhgu','siswa','aktif','1504036312060001','foto.jpg','2021-02-06 21:57:14','2021-02-06 21:57:14'),(655,9,'SINDI AMELIA','siswa438@gmail.com','0000000000000','$2y$10$TwkOnUlA6kocH8b7HoyUH.N1gfXly9K4kmmklt7J1OrpgKW1HoUsi','siswa','aktif','1504035705070001','foto.jpg','2021-02-06 21:57:14','2021-02-06 21:57:14'),(656,5,'SINDI AZHARI PRAMESTI','siswa439@gmail.com','0000000000000','$2y$10$nHyF1Nl0lVVUPS6bMH6Ob.e4qcpEQ4Phzc6bBAvzbloR77AwZiv8.','siswa','aktif','1504035906080001','foto.jpg','2021-02-06 21:57:14','2021-02-06 21:57:14'),(657,8,'SINTIA RAHMADANIA ','siswa440@gmail.com','0000000000000','$2y$10$XxlHSeoPd.czUfIQEwcHdu7ESOvICNrOOEvdrBk9S3p/r.HO38rdW','siswa','aktif','1504036909060003','foto.jpg','2021-02-06 21:57:14','2021-02-06 21:57:14'),(658,7,'Siti Aisah','siswa441@gmail.com','0000000000000','$2y$10$fljV/PjJb33.dCXypObn.u00xpj63LXyFEUaMEDAFPFbSmWfxFGxG','siswa','aktif','1504036111080004','foto.jpg','2021-02-06 21:57:14','2021-02-06 21:57:14'),(659,9,'Siti Fadilah','siswa442@gmail.com','0000000000000','$2y$10$79MhDtXql5EKPjecbQqPzO6.sFad7E4JsqPeRS5Bx98rFtSKlAVFe','siswa','aktif','1504076504060001','foto.jpg','2021-02-06 21:57:14','2021-02-06 21:57:14'),(660,6,'Siti Mariyam','siswa443@gmail.com','0000000000000','$2y$10$50QYwUGxU1.L7hV711uvFeE6vdTjXFECkbSU8IZuU8HSx2M2XN2U.','siswa','aktif','1504075211050001','foto.jpg','2021-02-06 21:57:14','2021-02-06 21:57:14'),(661,9,'SITI RAHMADANI','siswa444@gmail.com','0000000000000','$2y$10$zc.jsJKO0Nn5iz6JtKFuse2a8afY4eJ8pG2Qzd8gHBF4lG58aEJi2','siswa','aktif','1502186209060001','foto.jpg','2021-02-06 21:57:14','2021-02-06 21:57:14'),(662,6,'Siti Sholikatun Maa\'ati','siswa445@gmail.com','0000000000000','$2y$10$/supwYJSAL68.tH2.KzucuyN774hJkYN72Oh0jqMt31KW..kktQ12','siswa','aktif','1505084610050002','foto.jpg','2021-02-06 21:57:14','2021-02-06 21:57:14'),(663,8,'Suci Kurniati','siswa446@gmail.com','0000000000000','$2y$10$YJJvr6nKi8C3Ufgbryk7kOQPeXlX5iIG.3SxwUh3kH4E9VjOZzVTa','siswa','aktif','1504034301060003','foto.jpg','2021-02-06 21:57:14','2021-02-06 21:57:14'),(664,9,'SUCI RAHMA WATI','siswa447@gmail.com','0000000000000','$2y$10$ihdCCMwwoExmF6/pFdPQLeFc87Q/ZA9FAqOMdeGk002Ik0LeMCgYK','siswa','aktif','1504036407080002','foto.jpg','2021-02-06 21:57:14','2021-02-06 21:57:14'),(665,8,'SUCI REFALINA ANGGRAINI','siswa448@gmail.com','0000000000000','$2y$10$IUz4tN1PZFjXPQ0hL20xnOc.YL6ex74VlwC4RNmdlUFZnqJA15LLK','siswa','aktif','1504035111050002','foto.jpg','2021-02-06 21:57:14','2021-02-06 21:57:14'),(666,8,'SUCI VITRIYA','siswa449@gmail.com','0000000000000','$2y$10$KJjeuTS22xNhghKCY1EW1Olr4O1qf26vt7OeIRKIaz2j6jFTUt7rm','siswa','aktif','1604035408080002','foto.jpg','2021-02-06 21:57:14','2021-02-06 21:57:14'),(667,8,'SULISTIYAWATI','siswa450@gmail.com','0000000000000','$2y$10$RDr8fCYG9BHuVdtGBxx7TewdOxz0mhwMKYSL3JneP3y0/KMUEZ5UO','siswa','aktif','1504076004060004','foto.jpg','2021-02-06 21:57:14','2021-02-06 21:57:14'),(668,5,'SULTAN HABIEB AMRULLAH AL AFHWA','siswa451@gmail.com','0000000000000','$2y$10$6BDfFOOH5VC3AyreD7LY/u.8ZaVE7JU25Xfkrt8BuS68Y5vF/Lp7O','siswa','aktif','1606112810070001','foto.jpg','2021-02-06 21:57:14','2021-02-06 21:57:14'),(669,5,'Surya Febri Nur Afni','siswa452@gmail.com','0000000000000','$2y$10$sMiwIhZk.jJzKviJJcn0zO77v/sWCNPRaNZ2JYZyGF1S0A9cca3oe','siswa','aktif','1504034502070001','foto.jpg','2021-02-06 21:57:14','2021-02-06 21:57:14'),(670,8,'SUSI SETIANA','siswa453@gmail.com','0000000000000','$2y$10$2ZOwomCln2UkVjQ.n8d.qunq68Fv37DrhRTwp4wJdn.FTXpTYY4A6','siswa','aktif','1504034809050008','foto.jpg','2021-02-06 21:57:14','2021-02-06 21:57:14'),(671,5,'Sutrisno','siswa454@gmail.com','0000000000000','$2y$10$yPnSI.IJLOtHqflxdlVJP.Xqf2Wx090qHEjwAUlVPuN7ZXYTy3ija','siswa','aktif','1504031108050002','foto.jpg','2021-02-06 21:57:14','2021-02-06 21:57:14'),(672,9,'SYAHDIAN MULANA','siswa455@gmail.com','0000000000000','$2y$10$uMOWPHPQu/4tolOg3.QAYOw.2d5wRJGIC0cDWKNQTCvuo2f4kD7hm','siswa','aktif','1504031407050003','foto.jpg','2021-02-06 21:57:14','2021-02-06 21:57:14'),(673,7,'SYAHRU RAMADHAN','siswa456@gmail.com','0000000000000','$2y$10$RRokfTc2fjav.J62sYnCYek/7xRz2e8lnTr4ign55pP4MVvk6uHIy','siswa','aktif','1504030709080002','foto.jpg','2021-02-06 21:57:14','2021-02-06 21:57:14'),(674,9,'SYAHRUL GUNAWAN','siswa457@gmail.com','0000000000000','$2y$10$oHWHxdP3SY24qtA1PHZ/V.3CyAx8QBokfmbTBZxQguTFNXuY8CzkG','siswa','aktif','3206371403060001','foto.jpg','2021-02-06 21:57:14','2021-02-06 21:57:14'),(675,9,'SYALUM SHAFITRI YANA ','siswa458@gmail.com','0000000000000','$2y$10$IrRc0tW2lpTw.zpcPVBnkemd775wUV2E2cdesdbpeXt2CRgYCkn3C','siswa','aktif','1571036410060042','foto.jpg','2021-02-06 21:57:14','2021-02-06 21:57:14'),(676,6,'TASYA APRIANI','siswa459@gmail.com','0000000000000','$2y$10$FYS8EUTlAPd3mkUskGzRCOtpS1DFfUdDAb9WWL9wPyn.qXG5It/9O','siswa','aktif','1504034504070001','foto.jpg','2021-02-06 21:57:14','2021-02-06 21:57:14'),(677,7,'Teguh Firansyah','siswa460@gmail.com','0000000000000','$2y$10$DYcSg2MtLExEUzcmCCwCI.7TfCxrXdo21HvS.INxnmivgaec6Zl4a','siswa','aktif','1504032210070002','foto.jpg','2021-02-06 21:57:14','2021-02-06 21:57:14'),(678,9,'TIARA APRILIA','siswa461@gmail.com','0000000000000','$2y$10$RlIjDuuuG/RNzPu7HyGu2OmO63mqjCXN3hT839dNb35BjaLTUiIm.','siswa','aktif','1504036804060004','foto.jpg','2021-02-06 21:57:14','2021-02-06 21:57:14'),(679,5,'TINO AGUSTIANSA','siswa462@gmail.com','0000000000000','$2y$10$Ag9/jcnGHnDCVgsZ3eQZ/O9Lum.M1wUak5AmrZ5uIRkbwaKdMBuLq','siswa','aktif','1504030705050005','foto.jpg','2021-02-06 21:57:14','2021-02-06 21:57:14'),(680,9,'Tio Ferdiansyah ','siswa463@gmail.com','0000000000000','$2y$10$CZUu/I1gUtApktNCTLBmZe.wM3DT1U3UkUs0RFx/jMfmjWSmZV1Ti','siswa','aktif','1504033103050001','foto.jpg','2021-02-06 21:57:14','2021-02-06 21:57:14'),(681,5,'TIWI RAHMADANI','siswa464@gmail.com','0000000000000','$2y$10$qr92JWSVnYHCtsfY4lgp/OBu8Fh.VDgIfSqtByg7JRRZ2iPJuwyLS','siswa','aktif','1504037009060001','foto.jpg','2021-02-06 21:57:14','2021-02-06 21:57:14'),(682,5,'TRI ANANDA AGUSTIAN','siswa465@gmail.com','0000000000000','$2y$10$Fmg5ScKq1eFUmCnWnV6ZB.D6sQtTdnFqDRv16oXzSOGsXKrQenJFG','siswa','aktif','1504032708070001','foto.jpg','2021-02-06 21:57:14','2021-02-06 21:57:14'),(683,6,'Tri wahyuda','siswa466@gmail.com','0000000000000','$2y$10$2rEkIDLkRhM4p37b6tGG6.OeyROyjr4Lt9DEEJVZwctC/os27QxI2','siswa','aktif','1504032402060003','foto.jpg','2021-02-06 21:57:14','2021-02-06 21:57:14'),(684,6,'UMI SUSANTI','siswa467@gmail.com','0000000000000','$2y$10$EwtPSPzakptRgbVfIBSnPuFEh4VY/.tBYELycHlsVlRpcKkG135xe','siswa','aktif','1504037105070002','foto.jpg','2021-02-06 21:57:14','2021-02-06 21:57:14'),(685,5,'Vinna Anggraini','siswa468@gmail.com','0000000000000','$2y$10$ohJ.NY59bLPV.G/yOFhXhOmnlS2SuB1Sf.ePpqkbLjqyx16qj/knG','siswa','aktif','1504034611050001','foto.jpg','2021-02-06 21:57:14','2021-02-06 21:57:14'),(686,5,'Wahyu Aji Saputra','siswa469@gmail.com','0000000000000','$2y$10$nMn1hGrlEwu7OItly4HStuHb5Jri6kuSb6A/x1YXbyBkA/Y0Xupde','siswa','aktif','1504033110060003','foto.jpg','2021-02-06 21:57:14','2021-02-06 21:57:14'),(687,7,'WAHYU PRANATA','siswa470@gmail.com','0000000000000','$2y$10$Qs5SDm6KJ2xcKQwlRKKsie8vEaQed3xAWWCynG5zkTW.J6z.Pwria','siswa','aktif','1504030707070003','foto.jpg','2021-02-06 21:57:14','2021-02-06 21:57:14'),(688,9,'WAHYU RAIS AL-ZUHDI PURNOMO','siswa471@gmail.com','0000000000000','$2y$10$WiZq2lst2Qb4PVQ3iV5tPuAfHkhZMxpc98gfNPLoxsl/Sa5wZC8DO','siswa','aktif','1504031502060002','foto.jpg','2021-02-06 21:57:14','2021-02-06 21:57:14'),(689,5,'WAHYUDIN HARAHAP','siswa472@gmail.com','0000000000000','$2y$10$nvXQJjGsBW479i18jfQNpuwS3vlAAnWKyGzvj/PX5wTq/N0nG97ry','siswa','aktif','1504030312070002','foto.jpg','2021-02-06 21:57:14','2021-02-06 21:57:14'),(690,5,'WILLYA AUDIA AZARAH SITURUS','siswa473@gmail.com','0000000000000','$2y$10$AWG48YwTZ0kk/ELvisubfuy5a34Wo4qNZRDDSjPrO2dG4wrZkCDBy','siswa','aktif','=[\"-\"}','foto.jpg','2021-02-06 21:57:14','2021-02-06 21:57:14'),(691,8,'Windy Destia','siswa474@gmail.com','0000000000000','$2y$10$hfV6dgTuuqLvlq/SJHBE6.F77gF9jefV756gl95sKr5KSRycsSogi','siswa','aktif','1607053107060005','foto.jpg','2021-02-06 21:57:14','2021-02-06 21:57:14'),(692,8,'WIRA DWI WAHYUDA','siswa475@gmail.com','0000000000000','$2y$10$nBbg8dxI28VTvL3m2LxAd.t4Rfl1T9PeGjMS3MFSuEg6r9fs/dhVS','siswa','aktif','1504070307060002','foto.jpg','2021-02-06 21:57:14','2021-02-06 21:57:14'),(693,8,'WITO AJI PURNOMO','siswa476@gmail.com','0000000000000','$2y$10$1jCbDSP3DaOAspAq4Ak1/uItwu6ml.SN3CXaJ.GvsVauV8m3HxBeK','siswa','aktif','1504036711050002','foto.jpg','2021-02-06 21:57:14','2021-02-06 21:57:14'),(694,6,'Wulan Septia Pramadani','siswa477@gmail.com','0000000000000','$2y$10$qL4KZjSU6zbUjPvuQ7P7leKPZpT//JauKIgxRrGr6o9SL/rw3egKe','siswa','aktif','=[\"-\"}','foto.jpg','2021-02-06 21:57:14','2021-02-06 21:57:14'),(695,8,'XAVIER NUR RAMADHAN','siswa478@gmail.com','0000000000000','$2y$10$/v6nvsJyHvq.SAdID9QFkubzYEgBO0vZJ2syY8ZFT.y6HHpZc5DW2','siswa','aktif','=[\"-\"}','foto.jpg','2021-02-06 21:57:14','2021-02-06 21:57:14'),(696,8,'YADI ERLANGGA','siswa479@gmail.com','0000000000000','$2y$10$EEAZG8.XQPcc6b.GDtSS2OyVHfYSIIs6ZBCbU1P.JFj5eY8Jwd2KG','siswa','aktif','1504032504060001','foto.jpg','2021-02-06 21:57:14','2021-02-06 21:57:14'),(697,6,'Yasfiana Hafidz','siswa480@gmail.com','0000000000000','$2y$10$wiqvK7Un2/wtLguEYrVNzek2T8sdHf4REqwndnUUXDr9yfkqgnsIm','siswa','aktif','1504074301080002','foto.jpg','2021-02-06 21:57:14','2021-02-06 21:57:14'),(698,8,'YASKIA SAKINA','siswa481@gmail.com','0000000000000','$2y$10$geFGnnAkt16vz29oula6uuus7ViKHEU4Gwn3GfU5CkhJ/eOiDs78a','siswa','aktif','=[\"-\"}','foto.jpg','2021-02-06 21:57:14','2021-02-06 21:57:14'),(699,6,'YUDI','siswa482@gmail.com','0000000000000','$2y$10$8uc7O.BiLsfeIbNhcMTGxev7gcLyDGa6p5lSuaHsmQDuzFwmWsqWy','siswa','aktif','1504030204070006','foto.jpg','2021-02-06 21:57:14','2021-02-06 21:57:14'),(700,5,'YUNI','siswa483@gmail.com','0000000000000','$2y$10$mpU9gW32fi4p0pRiA6xmxOMlnAMwle0oBZ4ARDqu/Gf6/0Mj3htuS','siswa','aktif','1504044106060002','foto.jpg','2021-02-06 21:57:14','2021-02-06 21:57:14'),(701,6,'YUNI SAPUTRI','siswa484@gmail.com','0000000000000','$2y$10$zNE0LZ7t/UzZDb8viPIo7OWnxddKC0rCtA1gW2OKhzSLFRC/oc5TC','siswa','aktif','1504034406060001','foto.jpg','2021-02-06 21:57:14','2021-02-06 21:57:14'),(702,8,'YUSNITA KUSUMANINGSIH','siswa485@gmail.com','0000000000000','$2y$10$lI7sOO1r9Y2YSzwzBuoL7eSVj7zA08/9TIMvVP322TNWFHblfW28S','siswa','aktif','1504036909050001','foto.jpg','2021-02-06 21:57:14','2021-02-06 21:57:14'),(703,5,'ZAENAL MASYHUUDI','siswa486@gmail.com','0000000000000','$2y$10$.mnZN6Je3ktum9ZxnU4SbODpGGIARDXDKuRCIi.RvIgPxlX3N9HKG','siswa','aktif','=[\"-\"}','foto.jpg','2021-02-06 21:57:14','2021-02-06 21:57:14'),(704,8,'ZAHRANI ANDRIADI PUTRI','siswa487@gmail.com','0000000000000','$2y$10$1bNFT6dIUBHm.RX1aQKIg./0Ewhnn8H4TrTuwSujaqs6yyZ3u6DWS','siswa','aktif','1.50403540106E+15','foto.jpg','2021-02-06 21:57:14','2021-02-06 21:57:14'),(705,7,'ZAKI MUBAROQ A. GHANI','siswa488@gmail.com','0000000000000','$2y$10$wJjFHG5uegMmuPQxVSWG0uhEZRPUa7LqdoHHcub/98ksPeo7s5Rb2','siswa','aktif','1504030310070002','foto.jpg','2021-02-06 21:57:14','2021-02-06 21:57:14'),(706,9,'ZAKI SYAHPUTRA','siswa489@gmail.com','0000000000000','$2y$10$imaWUuncukO35WsEl442IeRAJyLRuH4tjoaRuyNAnt0QYJcFZlRnS','siswa','aktif','1504031506070003','foto.jpg','2021-02-06 21:57:14','2021-02-06 21:57:14'),(707,9,'ZAMZAM AL-ZAMANI','siswa490@gmail.com','0000000000000','$2y$10$F2ezrPfRQsWguZP8a1HLX.3/0jvjztU9nVB8LbioThKgWV/nhiPOW','siswa','aktif','3213111811070001','foto.jpg','2021-02-06 21:57:14','2021-02-06 21:57:14'),(708,9,'ZASKIA AYU PRATIWI','siswa491@gmail.com','0000000000000','$2y$10$FVePzAyC6inUEgZipc.b5uUs8hqANMErrZh5YoTC1YbR/EzKGlSzO','siswa','aktif','1504036905060001','foto.jpg','2021-02-06 21:57:14','2021-02-06 21:57:14'),(710,NULL,'wakakurikulum','wakakurikulum@gmail.com','082282692489','$2y$10$.ytAfypspJeJ0hKKyBbB4uzEI0PRcNEEXQSjLL/ph9ffcefO3h6HC','wakakurikulum','aktif',NULL,'foto/man-avatar-profile-round-icon_24640-14044.jpg','2020-08-28 20:47:03','2021-02-05 13:26:54'),(711,NULL,'Kepala Sekolah','kepalasekolah@gmail.com','082282692489','$2y$10$r5k08chiG5I0/3RrrazaCuYxxiaYmmXnlP6fyiIaVwm4qzZU6hjCi','kepala sekolah','aktif',NULL,'foto/man-avatar-profile-round-icon_24640-14044.jpg','2020-08-28 20:47:03','2021-02-05 13:26:54');
/*!40000 ALTER TABLE `users` ENABLE KEYS */;
UNLOCK TABLES;

--
-- Current Database: `bikinaplikasi`
--

CREATE DATABASE /*!32312 IF NOT EXISTS*/ `bikinaplikasi` /*!40100 DEFAULT CHARACTER SET utf8mb4 */;

USE `bikinaplikasi`;
